cluster_id,count,top_sw_l1,top_sw_l1_pct,sw_l1_entropy,top_industry,top_industry_pct,avg_pct_chg,std_pct_chg,avg_roe,std_roe,avg_pe_ttm,std_pe_ttm,avg_pb,std_pb,avg_total_mv,std_total_mv,avg_turnover_rate,std_turnover_rate,avg_Size,avg_Size_sw_neutral,avg_LogSize_sw_neutral,avg_NonlinearSize,avg_NonlinearSize_sw_neutral,avg_Value,avg_Value_sw_neutral,avg_Momentum,avg_Momentum_sw_neutral,avg_ShortReversal,avg_ShortReversal_sw_neutral,avg_Volatility,avg_Volatility_sw_neutral,avg_Liquidity,avg_Liquidity_sw_neutral,avg_Profitability,avg_Profitability_sw_neutral,avg_Growth,avg_Growth_sw_neutral,avg_Leverage,avg_Leverage_sw_neutral,avg_EarningsQuality,avg_EarningsQuality_sw_neutral,prototype_stocks
0,1,机械设备,1.0,-1.000000082690371e-10,机械基件,1.0,-2.488100051879883,,-1.2762999534606934,,57.7557487487793,,3.253499984741211,,423675.90625,,5.319399833679199,,-0.39293035864830017,-0.3331945836544037,-0.46787920594215393,-0.39293035864830017,-0.3331945836544037,-0.23960311710834503,-0.2999085783958435,,,,,,,0.08414973318576813,0.11762929707765579,-0.7966572046279907,-1.0533366203308105,-0.5272122025489807,-0.5682072043418884,0.0698692724108696,0.2599389851093292,,,001306.SZ
1,211,基础化工,0.12322274881516587,2.9849831457408826,电气设备,0.08530805687203792,-1.1102246046066284,2.56596302986145,2.728750705718994,12.532068252563477,90.47720336914062,147.26502990722656,5.005041122436523,5.6790452003479,1848623.551297393,3709901.1254264475,3.484721689162096,3.4584229530176636,-0.012539291754364967,-0.05569370463490486,-0.04973464831709862,-0.012539291754364967,-0.05569370463490486,-0.033069636672735214,-0.029321271926164627,,,,,,,-0.1041191816329956,-0.14467790722846985,0.03294342756271362,0.07201504707336426,-0.06198091059923172,-0.06541953235864639,-0.016427839174866676,-0.012675615027546883,,,"300548.SZ,300857.SZ,688775.SH"
2,80,机械设备,0.1625,2.790842156669261,专用机械,0.1,-1.1583588123321533,3.2994370460510254,4.785676002502441,7.603504180908203,93.39580535888672,144.90997314453125,3.92344331741333,2.660346031188965,2588383.5020156233,5289155.093919234,3.7878078508526087,3.21356501643341,0.18494030833244324,0.2726164758205414,0.2005903422832489,0.18494030833244324,0.2726164758205414,-0.023741979151964188,0.01624869368970394,,,,,,,0.026058649644255638,0.05636836215853691,0.08317045867443085,0.06324593722820282,0.1148671880364418,0.1150062307715416,0.010215064510703087,0.07393338531255722,,,"688411.SH,600809.SH,301196.SZ"
3,1,机械设备,1.0,-1.000000082690371e-10,机床制造,1.0,-1.0988999605178833,,9.387399673461914,,27.952299118041992,,2.5620999336242676,,439560.0,,2.5243000984191895,,-0.3886900842189789,-0.3251130282878876,-0.27369070053100586,-0.3886900842189789,-0.3251130282878876,-0.4294814169406891,-0.4905130863189697,,,,,,,0.04987028241157532,0.07946903258562088,0.47147807478904724,0.43268847465515137,0.17491431534290314,0.14476430416107178,-0.7083684206008911,-0.6415401101112366,,,688558.SH
4,1,机械设备,1.0,-1.000000082690371e-10,专用机械,1.0,6.69890022277832,,7.147900104522705,,123.36810302734375,,7.887800216674805,,1805167.5,,14.01509952545166,,-0.024139925837516785,0.369684100151062,0.16242040693759918,-0.024139925837516785,0.369684100151062,0.1958128809928894,0.1371726393699646,,,,,,,2.2421603202819824,2.5199503898620605,0.8703628182411194,0.9001091718673706,2.547661304473877,2.5541605949401855,-0.6001342535018921,-0.5161660313606262,,,002975.SZ
5,286,机械设备,0.13986013986013987,2.911852081619072,电气设备,0.06993006993006994,-1.0287014245986938,3.2860074043273926,2.472759485244751,10.548425674438477,104.05952453613281,161.64097595214844,4.837818145751953,5.214862823486328,1551073.1306796325,2963899.4327648324,4.095284297691359,3.923030380538664,-0.09197065979242325,-0.04190835356712341,-0.03381885960698128,-0.09197065979242325,-0.04190835356712341,0.05035886541008949,0.028231894597411156,,,,,,,0.06916511803865433,0.06785760819911957,0.017406709492206573,0.027642110362648964,0.020313283428549767,0.022963155061006546,-0.09077377617359161,-0.052866868674755096,,,"688498.SH,688167.SH,688785.SH"
6,36,医药生物,0.1388888888888889,2.738759230815485,化学制药,0.1111111111111111,-1.5294194221496582,2.3601794242858887,5.103163719177246,7.625319480895996,64.17451477050781,80.32831573486328,3.395855665206909,2.0208563804626465,1551203.05078125,2890078.6068431227,3.7363473031918204,4.857260106099841,-0.09193596243858337,-0.16864776611328125,-0.1350744515657425,-0.09193596243858337,-0.16864776611328125,-0.1987486481666565,-0.18226264417171478,,,,,,,-0.046428389847278595,-0.037577152252197266,0.17950807511806488,0.12476376444101334,-0.10441383719444275,-0.10020139813423157,-0.31683677434921265,-0.20642274618148804,,,"603799.SH,301043.SZ,603062.SH"
7,111,机械设备,0.14414414414414414,2.953478854864785,汽车配件,0.0990990990990991,-1.6962649822235107,2.472198486328125,2.9736199378967285,10.171395301818848,93.82740020751953,164.04342651367188,4.144874095916748,4.563549995422363,1981724.5133558542,4527318.800265677,3.3805234793284993,3.7418260940460297,0.022992143407464027,0.014527306891977787,0.04046996682882309,0.022992143407464027,0.014527306891977787,-0.02180957794189453,-0.016251536086201668,,,,,,,-0.1367587149143219,-0.06556028872728348,-0.047192174941301346,-0.06741039454936981,-0.08067598193883896,-0.08633963763713837,-0.019327333196997643,-0.02140742540359497,,,"300870.SZ,688041.SH,301682.SZ"
8,1,房地产,1.0,-1.000000082690371e-10,园区开发,1.0,0.0,,-10.886799812316895,,47.460201263427734,,3.404599905014038,,300000.0,,1.097499966621399,,-0.4259457588195801,-0.6447397470474243,-0.6289264559745789,-0.4259457588195801,-0.6447397470474243,-0.29907384514808655,-0.1755978763103485,,,,,,,-0.6444531083106995,-0.4689944088459015,-1.3283240795135498,-0.7569953799247742,-0.03359371796250343,0.3085070550441742,1.195050835609436,0.3657105267047882,,,600463.SH
9,1,计算机,1.0,-1.000000082690371e-10,软件服务,1.0,-1.4460999965667725,,0.396699994802475,,241.29209899902344,,3.4567999839782715,,382248.84375,,1.388700008392334,,-0.40398937463760376,-0.42054513096809387,-0.4564933776855469,-0.40398937463760376,-0.42054513096809387,0.8380343914031982,0.39315012097358704,,,,,,,-0.7075983881950378,-0.7632094621658325,0.3310386538505554,0.30501222610473633,-0.2465272694826126,-0.1236448809504509,-0.8835427761077881,-0.5934709310531616,,,002908.SZ
10,1,钢铁,1.0,-1.000000082690371e-10,特种钢,1.0,-1.6085000038146973,,15.736100196838379,,16.457500457763672,,3.4447999000549316,,2809365.75,,0.8129000067710876,,0.24393171072006226,0.12412580847740173,0.1918531060218811,0.24393171072006226,0.12412580847740173,-0.4995218813419342,-0.2997027337551117,,,,,,,-0.8171510696411133,-0.5635370016098022,0.9309042692184448,1.5623109340667725,0.19841046631336212,0.11508908122777939,-0.21331079304218292,-0.6169030666351318,,,002318.SZ
11,17,电子,0.29411764705882354,2.0844297672153504,半导体,0.17647058823529413,-1.1111470460891724,4.066841125488281,2.516852855682373,11.328703880310059,88.11163330078125,46.84865951538086,5.344176769256592,6.037819862365723,1903339.3897058824,1794737.8420038694,5.432563179801492,5.357422708277246,0.0020671505481004715,-0.10404402762651443,-0.11698757857084274,0.0020671505481004715,-0.10404402762651443,-0.03723533824086189,-0.05872734263539314,,,,,,,0.34786131978034973,0.3048160970211029,-0.08284027129411697,-0.09312883019447327,0.9405785799026489,0.8967918157577515,0.06304534524679184,0.0863635241985321,,,"301667.SZ,301611.SZ,920522.BJ"
12,252,机械设备,0.11904761904761904,3.051408234333621,软件服务,0.07539682539682539,-1.2081713676452637,2.9630911350250244,2.0531020164489746,9.680026054382324,96.42359161376953,169.59829711914062,4.36016845703125,4.5058417320251465,1767576.82047123,3524637.1987817595,3.775526224142975,3.9094803517294117,-0.034174781292676926,-0.03228585794568062,-0.04882951080799103,-0.034174781292676926,-0.03228585794568062,-0.0018872263608500361,-0.008763523772358894,,,,,,,-0.03310089558362961,-0.05379820615053177,-0.07617063820362091,-0.05541244149208069,-0.035863980650901794,-0.03079894185066223,-0.0717289000749588,-0.054786041378974915,,,"688802.SH,688012.SH,688018.SH"
13,40,基础化工,0.1,2.8956688944554263,建筑工程,0.1,-1.6677625179290771,2.7466957569122314,0.8215129971504211,12.981261253356934,87.37100982666016,160.7397918701172,4.542491436004639,5.579967021942139,1888549.1512343735,4453135.691005952,3.881504960358143,3.7432575838091324,-0.0018811107147485018,0.09707276523113251,0.04477221891283989,-0.0018811107147485018,0.09707276523113251,-0.053255535662174225,-0.038928769528865814,,,,,,,-0.015487655997276306,0.006081125233322382,-0.314836323261261,-0.25957366824150085,-0.04681086540222168,-0.0014747201930731535,0.012940147891640663,-0.08115638047456741,,,"301630.SZ,300969.SZ,301529.SZ"
14,83,机械设备,0.18072289156626506,2.821242333459929,专用机械,0.10843373493975904,-1.6005576848983765,3.0787885189056396,2.440173625946045,14.348712921142578,93.69609069824219,152.80239868164062,4.480231761932373,4.616615295410156,1707926.334555722,3194085.2495919266,3.802911533892873,3.366327272084989,-0.05009853467345238,0.03830832242965698,-0.00439492566511035,-0.05009853467345238,0.03830832242965698,-0.018290121108293533,-0.017032254487276077,,,,,,,-0.013988973572850227,0.016719866544008255,0.05442057549953461,0.047417543828487396,0.07954633980989456,0.10516473650932312,-0.004367712885141373,0.02931290678679943,,,"300395.SZ,688603.SH,688300.SH"
15,191,基础化工,0.12041884816753927,3.0126246830493217,化工原料,0.06806282722513089,-1.3642752170562744,2.497558832168579,2.2709736824035645,10.355504989624023,88.54240417480469,160.04991149902344,5.188422203063965,5.883090496063232,2155950.02779123,4109756.646976773,4.051668118812651,4.259310033818068,0.06950179487466812,0.0718122124671936,0.08733029663562775,0.06950179487466812,0.0718122124671936,-0.037485748529434204,-0.06232656165957451,,,,,,,0.035536013543605804,0.02966250106692314,0.0049170623533427715,0.026978183537721634,-0.009732650592923164,0.002558857901021838,0.08994872123003006,0.1276581585407257,,,"300750.SZ,301629.SZ,301345.SZ"
16,2,环保,0.5,0.6931471803599453,环境保护,0.5,-2.112499952316284,0.8420227766036987,6.647500038146973,5.017205238342285,36.68980026245117,11.023229598999023,2.8994998931884766,0.022344572469592094,287013.96875,53363.89036841255,2.2640000581741333,0.0018384455320451976,-0.4294123947620392,-0.46192657947540283,-0.4687321186065674,-0.4294123947620392,-0.46192657947540283,-0.35707521438598633,-0.3076184093952179,,,,,,,-0.3929768204689026,-0.23315264284610748,0.4624263644218445,0.21356356143951416,0.06768152117729187,0.11969008296728134,-0.2085181474685669,-0.17754819989204407,,,"300519.SZ,300187.SZ"
17,17,电子,0.17647058823529413,2.170048345460164,电器仪表,0.17647058823529413,-1.1554471254348755,1.6785999536514282,6.008758544921875,5.548551559448242,79.14269256591797,102.89596557617188,3.4290411472320557,2.114661693572998,1649655.231617647,2594582.8546174173,3.1837235233362984,2.15429260007466,-0.06565406918525696,-0.05029124766588211,-0.07916437089443207,-0.06565406918525696,-0.05029124766588211,-0.10068842768669128,-0.11721165478229523,,,,,,,-0.2249794602394104,-0.32002970576286316,0.6419817209243774,0.5874992609024048,-0.017259465530514717,-0.05350840091705322,-0.48370468616485596,-0.41935041546821594,,,"688583.SH,688576.SH,920005.BJ"
18,1,轻工制造,1.0,-1.000000082690371e-10,家居用品,1.0,-1.7516000270843506,,0.9724000096321106,,99.58989715576172,,2.6166000366210938,,226152.0,,3.9191999435424805,,-0.4456595480442047,-0.555010199546814,-0.46866682171821594,-0.4456595480442047,-0.555010199546814,-0.022507736459374428,0.07477965950965881,,,,,,,0.09884702414274216,0.1258450150489807,-0.017513614147901535,0.15426664054393768,-0.13965651392936707,-0.09715893119573593,0.4912741482257843,0.7624474167823792,,,001211.SZ
19,162,机械设备,0.08024691358024691,3.2058611929104277,元器件,0.06790123456790123,-0.9318647980690002,2.929166793823242,4.240650653839111,8.856536865234375,79.96636199951172,110.50896453857422,4.198201656341553,4.66063928604126,1962462.4602314804,4175997.3965361426,3.519611415259632,3.732089454126217,0.017850110307335854,-0.02162226289510727,-0.04496914893388748,0.017850110307335854,-0.02162226289510727,-0.09555631875991821,-0.08765817433595657,,,,,,,-0.06293650716543198,-0.040015291422605515,0.10925363749265671,0.09964386373758316,-0.14396655559539795,-0.14176183938980103,0.06054959446191788,-0.0008859899244271219,,,"301205.SZ,688235.SH,300972.SZ"
20,96,机械设备,0.10416666666666667,3.0438230178580943,元器件,0.08333333333333333,-1.2219250202178955,3.0436160564422607,2.282788038253784,10.682578086853027,122.43706512451172,175.85955810546875,4.698121547698975,4.490718841552734,1469287.337434896,2197126.672147421,4.724950808758536,5.225035554596814,-0.1138034462928772,-0.0651622861623764,-0.12194958329200745,-0.1138034462928772,-0.0651622861623764,0.15889835357666016,0.17384696006774902,,,,,,,0.2259022444486618,0.20946411788463593,-0.07777658849954605,-0.04162944480776787,0.0476081557571888,0.05464288964867592,-0.037352126091718674,-0.029938066378235817,,,"300751.SZ,301377.SZ,300782.SZ"
21,149,机械设备,0.12080536912751678,2.8756980872727747,电气设备,0.09395973154362416,-1.46312415599823,2.79386305809021,3.4552550315856934,8.272795677185059,105.80386352539062,184.80203247070312,4.379767894744873,4.196699142456055,2024726.9357508381,4009145.6195878107,4.1658409659814515,4.315986075132739,0.034471672028303146,0.0341726690530777,0.010400041937828064,0.034471672028303146,0.0341726690530777,0.051462020725011826,0.032071199268102646,,,,,,,0.055643703788518906,0.03777041286230087,-0.05293019488453865,-0.02428499050438404,0.01742372289299965,-0.006939190439879894,0.08085954189300537,0.07551988214254379,,,"688502.SH,300953.SZ,688629.SH"
22,208,电子,0.1346153846153846,3.00796597524282,元器件,0.08653846153846154,-1.3492023944854736,2.6900064945220947,3.5170633792877197,9.202081680297852,93.193359375,154.0972442626953,4.64707612991333,5.558715343475342,1732514.333317307,3285173.6820912426,3.6193341523236953,3.5678288465135037,-0.04353474825620651,-0.055839087814092636,-0.029189182445406914,-0.04353474825620651,-0.055839087814092636,-0.01643855683505535,-0.027375753968954086,,,,,,,-0.04546666890382767,-0.09071500599384308,-0.007961113005876541,0.02150290086865425,0.039618831127882004,0.03198618441820145,-0.08609874546527863,-0.08045618236064911,,,"300757.SZ,688809.SH,688205.SH"
23,94,医药生物,0.13829787234042554,2.9119350873709218,化工原料,0.06382978723404255,-1.4932255744934082,2.72607159614563,4.222434997558594,9.362013816833496,100.30780792236328,167.34658813476562,4.883100509643555,6.134234428405762,2469349.4753856375,4697666.822927735,3.1132723533726754,2.8501450090587173,0.1531640887260437,0.0760406106710434,0.09066455811262131,0.1531640887260437,0.0760406106710434,0.03501526266336441,0.04140012711286545,,,,,,,-0.18541795015335083,-0.12958602607250214,0.17276804149150848,0.12601298093795776,0.20102910697460175,0.18041174113750458,-0.2528623640537262,-0.2956201732158661,,,"300394.SZ,688123.SH,688110.SH"
24,84,医药生物,0.14285714285714285,2.8570145461969263,化学制药,0.07142857142857142,-1.4601057767868042,2.721747875213623,3.345303773880005,10.837199211120605,84.45616149902344,108.83084869384766,4.8161773681640625,5.497427940368652,2067119.453340773,3913613.896768166,4.053935393918128,4.31819260347177,0.04578838124871254,0.04611067473888397,0.03213854506611824,0.04578838124871254,0.04611067473888397,-0.059772081673145294,-0.10200437158346176,,,,,,,0.028010666370391846,0.042942408472299576,0.1827077567577362,0.11011654883623123,0.10164811462163925,0.11641329526901245,-0.0024656362365931273,0.042621713131666183,,,"603444.SH,688807.SH,688372.SH"
25,2,电力设备,0.5,0.6931471803599453,电气设备,0.5,-2.116650104522705,0.8197489380836487,7.152750015258789,2.678591012954712,43.6609992980957,42.04683303833008,4.334949970245361,3.694986581802368,541233.484375,90219.15759024497,4.952100157737732,5.090320526493794,-0.3615482449531555,-0.37933218479156494,-0.3651864230632782,-0.3615482449531555,-0.37933218479156494,-0.33647269010543823,-0.2891616225242615,,,,,,,0.23722317814826965,0.03741002082824707,-0.15220440924167633,0.23063285648822784,-0.09044788777828217,-0.07620063424110413,0.8597679138183594,0.35899609327316284,,,"002112.SZ,002116.SZ"
26,39,公用事业,0.1282051282051282,2.826108054774833,通信设备,0.07692307692307693,0.7696409821510315,3.4627678394317627,3.511502504348755,10.631084442138672,113.25465393066406,236.42266845703125,4.427138805389404,5.274413585662842,3288052.707195511,5992158.007218778,3.5182974216265555,3.517999749976723,0.3717176616191864,0.3813050389289856,0.41269639134407043,0.3717176616191864,0.3813050389289856,0.09364151209592819,0.17603249847888947,,,,,,,0.04039463400840759,0.022136984393000603,-0.13327935338020325,-0.1198936477303505,-0.12652502954006195,-0.16071268916130066,0.2859230637550354,0.05916906148195267,,,"300454.SZ,601138.SH,001267.SZ"
27,217,医药生物,0.1152073732718894,3.1237889059208457,电气设备,0.06451612903225806,-1.2720316648483276,2.6436116695404053,2.8724427223205566,10.706033706665039,103.1148681640625,181.5853729248047,4.742043495178223,5.328268051147461,2098428.359579492,4369677.039311072,3.7570025685580646,3.5265723411404344,0.05414634197950363,0.042501188814640045,0.0381578728556633,0.05414634197950363,0.042501188814640045,0.04285496100783348,0.02236122079193592,,,,,,,-0.02514035440981388,-0.026474473997950554,0.03386245667934418,0.0376223549246788,0.07716267555952072,0.07980410009622574,0.0021120677702128887,0.01300419308245182,,,"300476.SZ,300620.SZ,605117.SH"
28,1,传媒,1.0,-1.000000082690371e-10,影视音像,1.0,-5.0991997718811035,,-1.937600016593933,,308.34381103515625,,4.8277997970581055,,310544.96875,,8.26140022277832,,-0.4231307804584503,-0.6242870092391968,-0.6289185285568237,-0.4231307804584503,-0.6242870092391968,1.2461321353912354,2.3794782161712646,,,,,,,0.8885968327522278,1.0312566757202148,-0.5630753636360168,-0.4376208484172821,-0.610831618309021,-0.464981347322464,-0.2962282598018646,-0.06679077446460724,,,920021.BJ
29,12,基础化工,0.25,2.0947290466276485,化工原料,0.16666666666666666,-0.5679749846458435,2.2787303924560547,5.52832555770874,6.685611724853516,50.0653190612793,48.76551818847656,4.265166759490967,4.179060935974121,1123910.828125,976384.4967346024,2.687724987665812,2.587656231180379,-0.20600204169750214,-0.21744157373905182,-0.2059301882982254,-0.20600204169750214,-0.21744157373905182,-0.2802126407623291,-0.20234930515289307,,,,,,,-0.1698896884918213,-0.17322157323360443,0.17577195167541504,0.11571276187896729,-0.014782826416194439,-0.04383869096636772,-0.14387476444244385,-0.04776667430996895,,,"002901.SZ,603655.SH,002895.SZ"
30,30,基础化工,0.2,2.436002927592133,化工原料,0.1,-0.49932995438575745,3.226311445236206,4.791378974914551,10.584131240844727,68.0436782836914,52.31293487548828,3.7319631576538086,2.7447428703308105,2007571.8558124977,4810314.856004965,3.607673293352127,3.3392739089433765,0.029892107471823692,0.12107832729816437,0.11785075813531876,0.029892107471823692,0.12107832729816437,-0.17318038642406464,-0.16132310032844543,,,,,,,-0.059832725673913956,-0.030369015410542488,0.07939829677343369,0.07805071771144867,0.34046122431755066,0.3388165533542633,-0.0991949662566185,-0.07835278660058975,,,"603259.SH,001339.SZ,301389.SZ"
31,1,机械设备,1.0,-1.000000082690371e-10,电器仪表,1.0,-7.106599807739258,,0.5918999910354614,,36.63349914550781,,2.810699939727783,,674597.6875,,9.48289966583252,,-0.325946569442749,-0.20553000271320343,-0.22017277777194977,-0.325946569442749,-0.20553000271320343,-0.3267171382904053,-0.3873558044433594,,,,,,,1.1684999465942383,1.3247398138046265,0.7744224071502686,0.787684440612793,-0.012033036909997463,-0.045070625841617584,-1.4813520908355713,-1.536933183670044,,,300099.SZ
32,38,交通运输,0.10526315789473684,2.9760927740966023,专用机械,0.07894736842105263,-0.5654710531234741,2.4270436763763428,3.9253997802734375,7.231759548187256,135.6450653076172,305.9046325683594,3.912893533706665,3.4344887733459473,2247400.366019735,4479812.87447286,3.6470823043584826,3.883310091846709,0.09391453862190247,-0.012406383641064167,0.03361349180340767,0.09391453862190247,-0.012406383641064167,0.22242209315299988,0.2541976571083069,,,,,,,-0.06651586294174194,0.0679682120680809,-0.029868368059396744,-0.058067597448825836,-0.2102096527814865,-0.15459203720092773,0.004981592297554016,-0.034694604575634,,,"002738.SZ,300342.SZ,000628.SZ"
33,251,机械设备,0.11952191235059761,3.0055467649925687,电气设备,0.08366533864541832,-1.2750574350357056,3.112258195877075,2.9102120399475098,10.630094528198242,93.9395980834961,174.29615783691406,4.643122673034668,5.216360092163086,1714052.221805278,3803482.485160989,4.092355633000453,3.9570920611115596,-0.048463236540555954,-0.07696826756000519,-0.05473095923662186,-0.048463236540555954,-0.07696826756000519,-0.01127069815993309,-0.01329397689551115,,,,,,,0.07308566570281982,0.06174121052026749,0.006727488245815039,0.004815979395061731,-0.03494350612163544,-0.051859814673662186,-0.015472068451344967,-0.0018485115142539144,,,"300308.SZ,301489.SZ,002850.SZ"
34,43,机械设备,0.18604651162790697,2.7437339537471237,汽车配件,0.11627906976744186,-1.0744140148162842,2.217844247817993,3.1758759021759033,12.286018371582031,108.15483093261719,214.49473571777344,5.702398300170898,7.908697128295898,1304226.628633721,1332213.714966553,4.152956958621047,5.627819513193711,-0.15786653757095337,-0.05274707078933716,-0.047876570373773575,-0.15786653757095337,-0.05274707078933716,0.07077055424451828,0.08018190413713455,,,,,,,0.05193382129073143,0.08331923931837082,0.09336809813976288,0.12241897732019424,0.23358391225337982,0.24032989144325256,0.09705618768930435,0.10751038044691086,,,"301396.SZ,301338.SZ,301525.SZ"
35,1,交通运输,1.0,-1.000000082690371e-10,仓储物流,1.0,-1.9230999946594238,,0.5468000173568726,,19.70009994506836,,3.102299928665161,,286626.25,,2.8721001148223877,,-0.42951589822769165,-0.5738109946250916,-0.5678282380104065,-0.42951589822769165,-0.5738109946250916,-0.45140597224235535,-0.20731689035892487,,,,,,,-0.4131987690925598,0.5140200853347778,-0.7659634351730347,-0.9962074756622314,-0.2909151613712311,-0.29291531443595886,-0.44330069422721863,-0.5854994654655457,,,300350.SZ
36,1,电力设备,1.0,-1.000000082690371e-10,电气设备,1.0,-3.1809000968933105,,-0.16820000112056732,,59.195098876953125,,2.595400094985962,,611930.875,,10.041600227355957,,-0.3426755368709564,-0.43476250767707825,-0.4046279489994049,-0.3426755368709564,-0.43476250767707825,-0.2415841519832611,-0.26172688603401184,,,,,,,1.8420569896697998,1.325815200805664,-1.0182161331176758,-0.7672494053840637,0.5017531514167786,0.44128936529159546,0.48861634731292725,0.1981555074453354,,,000720.SZ
37,1,建筑装饰,1.0,-1.000000082690371e-10,环境保护,1.0,-2.432800054550171,,-0.9469000101089478,,40.544700622558594,,3.157900094985962,,309513.1875,,2.1103999614715576,,-0.4234062135219574,-0.38378235697746277,-0.37503746151924133,-0.4234062135219574,-0.38378235697746277,-0.20667050778865814,-0.11236201971769333,,,,,,,-0.4754347503185272,-0.41621190309524536,0.001602739910595119,0.5023974180221558,-0.07204965502023697,0.06790704280138016,0.33900925517082214,-0.38122105598449707,,,300948.SZ
38,1,电子,1.0,-1.000000082690371e-10,元器件,1.0,-2.43149995803833,,10.068400382995605,,81.9928970336914,,8.425399780273438,,1066080.75,,9.854599952697754,,-0.22143980860710144,-0.38895511627197266,-0.5338512659072876,-0.22143980860710144,-0.38895511627197266,-0.08337865024805069,-0.3238527774810791,,,,,,,1.043213963508606,0.5575947761535645,0.22218072414398193,0.27081602811813354,0.11094992607831955,-0.009271254763007164,-0.5505377054214478,-0.3491935431957245,,,301563.SZ
39,1,电子,1.0,-1.000000082690371e-10,半导体,1.0,-1.885699987411499,,0.5551999807357788,,266.810791015625,,2.881500005722046,,497558.84375,,1.4311000108718872,,-0.3732072412967682,-0.5061113238334656,-0.4675282835960388,-0.3732072412967682,-0.5061113238334656,0.9797294735908508,0.615710973739624,,,,,,,-0.6414607763290405,-0.9608938694000244,-0.2740004062652588,-0.24033258855342865,0.6161160469055176,0.5252994894981384,-1.1482151746749878,-1.0063470602035522,,,603068.SH
40,114,机械设备,0.13157894736842105,2.8906327422277265,专用机械,0.08771929824561403,-1.215855360031128,3.633937120437622,2.92128849029541,9.284441947937012,117.1317367553711,206.95245361328125,5.285916328430176,5.785951614379883,1766863.7079495615,2777076.2568188803,4.742591869841542,4.814694262810476,-0.034365151077508926,-0.05708622559905052,-0.03692808002233505,-0.034365151077508926,-0.05708622559905052,0.13119351863861084,0.18860991299152374,,,,,,,0.3237117826938629,0.2733561396598816,-0.10315772891044617,-0.11682230979204178,-0.031947072595357895,-0.038087788969278336,0.049544837325811386,0.03474549576640129,,,"688195.SH,301369.SZ,603083.SH"
41,2,商贸零售,0.5,0.6931471803599453,互联网,0.5,-1.6103999614715576,0.5891613364219666,15.318000793457031,10.081645011901855,40.350250244140625,3.3125832080841064,6.079599857330322,3.9846878051757812,1938169.03125,1513105.2299549847,1.9733999371528625,0.21156630563777223,0.011364951729774475,-0.05278874933719635,-0.3164582848548889,0.011364951729774475,-0.05278874933719635,-0.34536343812942505,-0.4291519820690155,,,,,,,-0.4761907458305359,-0.5563787221908569,1.4107673168182373,1.461341142654419,0.228233203291893,0.28236329555511475,-0.19167537987232208,-0.26425203680992126,,,"301606.SZ,301381.SZ"
42,3,医药生物,0.3333333333333333,1.0986122883681095,中成药,0.3333333333333333,-0.6200999617576599,1.9796473979949951,10.655865669250488,11.132868766784668,62.00630187988281,42.17207717895508,3.4957332611083984,1.8247970342636108,1154382.625,541989.1279072596,1.82096666097641,1.111318574663768,-0.19786755740642548,-0.0781782940030098,0.00521802669391036,-0.19786755740642548,-0.0781782940030098,-0.21918173134326935,-0.0011909852037206292,,,,,,,-0.2759716212749481,0.06433463096618652,0.49069592356681824,0.005590339656919241,0.04657159745693207,0.10577980428934097,-0.4279897212982178,-0.15986807644367218,,,"603130.SH,600750.SH,600751.SH"
43,94,机械设备,0.11702127659574468,3.0790342375892417,电气设备,0.05319148936170213,-0.7054957151412964,3.883924722671509,1.963470458984375,9.549762725830078,119.42792510986328,224.91043090820312,4.08173131942749,4.634181499481201,1523389.864394947,2256364.7131799883,4.089014466671234,4.178596450333902,-0.09936071932315826,-0.1467016637325287,-0.13797876238822937,-0.09936071932315826,-0.1467016637325287,0.1284436136484146,0.16485553979873657,,,,,,,0.054985158145427704,0.03641651198267937,-0.1612577736377716,-0.16049426794052124,-0.01779964566230774,-0.03200098127126694,0.11561085283756256,0.06508713215589523,,,"601799.SH,603629.SH,688800.SH"
44,1,机械设备,1.0,-1.000000082690371e-10,专用机械,1.0,-9.676600456237793,,12.867400169372559,,102.85389709472656,,12.475199699401855,,2867451.0,,5.870500087738037,,0.259437620639801,0.9101553559303284,1.1333589553833008,0.259437620639801,0.9101553559303284,0.1261441856622696,0.0672375038266182,,,,,,,0.5350169539451599,0.6195396184921265,1.137814998626709,1.213514804840088,0.6165995001792908,0.5932717323303223,-0.46613094210624695,-0.3609420359134674,,,688025.SH
45,1,机械设备,1.0,-1.000000082690371e-10,专用机械,1.0,-2.0754001140594482,,4.346499919891357,,120.072998046875,,5.297999858856201,,5300970.0,,1.8844000101089478,,0.9090677499771118,2.148287296295166,2.5281755924224854,0.9090677499771118,2.148287296295166,0.1423908919095993,0.08354634046554565,,,,,,,-0.5839194655418396,-0.6260727047920227,0.14099416136741638,0.045421112328767776,-0.2862074077129364,-0.32347989082336426,0.1887694001197815,0.39766809344291687,,,688777.SH
46,1,公用事业,1.0,-1.000000082690371e-10,火力发电,1.0,10.020899772644043,,5.099100112915039,,128.33900451660156,,8.367899894714355,,4167166.25,,4.685200214385986,,0.606397807598114,0.2729669213294983,0.43294206261634827,0.606397807598114,0.2729669213294983,0.18497024476528168,0.3600674271583557,,,,,,,2.7825794219970703,1.4158095121383667,-0.10302091389894485,-0.2499350756406784,0.16041763126850128,0.043742142617702484,1.8421889543533325,1.5522418022155762,,,600726.SH
47,1,机械设备,1.0,-1.000000082690371e-10,专用机械,1.0,-3.6405999660491943,,3.7393999099731445,,89.67510223388672,,8.250100135803223,,9240233.0,,1.1505999565124512,,1.9606575965881348,4.152515411376953,4.138373851776123,1.9606575965881348,4.152515411376953,0.023532312363386154,-0.035766810178756714,,,,,,,-0.09599196165800095,-0.08290642499923706,0.1750631332397461,0.08534378558397293,1.0257045030593872,1.0086957216262817,-0.5663741827011108,-0.4770597517490387,,,301200.SZ
48,1,电子,1.0,-1.000000082690371e-10,电气设备,1.0,-1.4148999452590942,,5.728499889373779,,86.88490295410156,,4.644800186157227,,1739800.375,,7.583899974822998,,-0.04158974066376686,-0.25012075901031494,-0.19765451550483704,-0.04158974066376686,-0.25012075901031494,-0.07420744001865387,-0.31574735045433044,,,,,,,0.8396411538124084,0.3741035461425781,-0.19810894131660461,-0.16215182840824127,-0.1002315878868103,-0.2327452003955841,0.7235220074653625,1.0516502857208252,,,002922.SZ
49,1,机械设备,1.0,-1.000000082690371e-10,矿物制品,1.0,-0.6528000235557556,,-10.669899940490723,,57.7557487487793,,7.636899948120117,,664626.25,,4.269999980926514,,-0.3286084532737732,-0.21060329675674438,-0.26590073108673096,-0.3286084532737732,-0.21060329675674438,-0.15185077488422394,-0.21182064712047577,,,,,,,-0.13032430410385132,-0.12112555652856827,-2.0406503677368164,-2.5110714435577393,0.007183033972978592,-0.02555774338543415,0.3227596580982208,0.5528770089149475,,,300700.SZ
50,1,基础化工,1.0,-1.000000082690371e-10,化工原料,1.0,-2.703700065612793,,8.939900398254395,,54.08449935913086,,4.656499862670898,,1422549.125,,3.271699905395508,,-0.12628024816513062,0.12227731943130493,0.19806025922298431,-0.12628024816513062,0.12227731943130493,-0.2547239661216736,-0.2043362706899643,,,,,,,-0.04739588499069214,-0.0695909932255745,0.46541374921798706,0.7783490419387817,4.164275169372559,4.04876184463501,-0.19033558666706085,-0.026171328499913216,,,002246.SZ
51,81,医药生物,0.14814814814814814,2.857385564658064,元器件,0.08641975308641975,-1.0959197282791138,2.7164108753204346,3.374598741531372,7.439371109008789,84.61082458496094,102.41566467285156,4.172155857086182,4.568279266357422,1264436.7083333333,1349942.498309692,3.4398163946469626,3.161092745996791,-0.1684885174036026,-0.07871823012828827,-0.13137996196746826,-0.1684885174036026,-0.07871823012828827,-0.07811171561479568,-0.06164516136050224,,,,,,,-0.06585245579481125,-0.0717126727104187,0.036972206085920334,0.06412702798843384,-0.015373374335467815,0.008775721304118633,-0.17641712725162506,-0.16305996477603912,,,"603306.SH,603163.SH,603052.SH"
52,65,机械设备,0.12307692307692308,2.938555800080521,电气设备,0.1076923076923077,-0.8654415011405945,3.049582004547119,3.6647565364837646,9.983588218688965,86.57377624511719,128.67169189453125,4.545151233673096,5.81176233291626,1680089.5973557692,2372209.600717137,3.4202030952160176,3.5583681061003047,-0.05752958729863167,-0.03802251070737839,-0.013644592836499214,-0.05752958729863167,-0.03802251070737839,-0.062261007726192474,-0.09828449040651321,,,,,,,-0.1272735893726349,-0.1261626034975052,0.02017967961728573,0.032692983746528625,-0.2259518951177597,-0.17795458436012268,0.16559895873069763,0.08854250609874725,,,"002008.SZ,603175.SH,603160.SH"
53,16,机械设备,0.25,2.133381929264545,化工原料,0.125,-1.0109624862670898,3.8651504516601562,5.956974983215332,6.55358362197876,159.0688018798828,334.1232604980469,5.240900039672852,4.229131698608398,1952584.501953125,2576612.1820427193,5.471854620873928,5.723484121673273,0.01521318033337593,0.013585750013589859,0.013211693614721298,0.01521318033337593,0.013585750013589859,0.38696879148483276,0.33066320419311523,,,,,,,0.3791370093822479,0.248235285282135,0.16689476370811462,0.044271767139434814,0.030731990933418274,0.06843657791614532,0.14930984377861023,0.08550463616847992,,,"301513.SZ,300868.SZ,002049.SZ"
54,1,电力设备,1.0,-1.000000082690371e-10,电气设备,1.0,-1.3035000562667847,,6.441999912261963,,44.88890075683594,,2.7969000339508057,,1190512.5,,4.7480998039245605,,-0.18822264671325684,-0.2536938786506653,-0.2763206660747528,-0.18822264671325684,-0.2536938786506653,-0.33395832777023315,-0.3656401038169861,,,,,,,0.01194289606064558,-0.3252919912338257,0.33692994713783264,0.6124217510223389,-0.02827581763267517,-0.1174473986029625,-0.6488260626792908,-1.0346523523330688,,,002706.SZ
55,1,国防军工,1.0,-1.000000082690371e-10,化纤,1.0,-3.139400005340576,,10.774299621582031,,49.31050109863281,,5.232800006866455,,2975408.75,,3.274600028991699,,0.28825703263282776,0.10263283550739288,0.2468392550945282,0.28825703263282776,0.10263283550739288,-0.24867886304855347,-0.5225812792778015,,,,,,,-0.14942017197608948,-0.3476302921772003,0.9864582419395447,1.2080683708190918,-0.029322106391191483,-0.04616527631878853,-0.2209632843732834,0.038810718804597855,,,300699.SZ
56,1,家用电器,1.0,-1.000000082690371e-10,电气设备,1.0,-2.4131999015808105,,1.6032999753952026,,145.75450134277344,,3.2207999229431152,,390741.59375,,3.16759991645813,,-0.4017222225666046,-0.3153945803642273,-0.38394972681999207,-0.4017222225666046,-0.3153945803642273,0.2572401463985443,0.45283305644989014,,,,,,,-0.3204686641693115,-0.225233793258667,-0.469240665435791,-0.6158329844474792,-0.3420112133026123,-0.21989597380161285,-0.3477489948272705,-0.4933081567287445,,,001326.SZ
57,68,电子,0.17647058823529413,2.7107580012482315,元器件,0.11764705882352941,-1.4823765754699707,3.6693148612976074,4.748234272003174,11.300993919372559,118.83665466308594,247.10910034179688,4.579715251922607,5.876180171966553,3120885.6291360296,4553981.472662003,4.111200028254705,4.367986596683703,0.3270922303199768,0.18388378620147705,0.2010207623243332,0.3270922303199768,0.18388378620147705,0.12657734751701355,0.033503226935863495,,,,,,,0.11198234558105469,0.06385449320077896,0.08001941442489624,0.037148963660001755,0.1057066023349762,0.08809085190296173,0.1682812124490738,0.20534418523311615,,,"001309.SZ,000568.SZ,688190.SH"
58,1,纺织服饰,1.0,-1.000000082690371e-10,纺织,1.0,4.658899784088135,,6.01170015335083,,143.00390625,,9.883600234985352,,844649.5,,7.243899822235107,,-0.28055107593536377,0.2673759162425995,0.23731425404548645,-0.28055107593536377,0.2673759162425995,0.3519343137741089,0.5679602026939392,,,,,,,1.6272867918014526,1.8866850137710571,0.31640002131462097,0.1481131911277771,-0.0437227264046669,-0.011259784922003746,-1.2933634519577026,-1.174963355064392,,,300819.SZ
59,157,机械设备,0.11464968152866242,3.028027012866252,电气设备,0.05732484076433121,-1.0423706769943237,2.914565086364746,1.251157283782959,13.310856819152832,82.33978271484375,151.31021118164062,4.690578460693359,5.866340637207031,2003174.9436863053,3865888.730960399,3.9128404519284605,4.270944544689336,0.028718335554003716,0.0781172439455986,0.06827881932258606,0.028718335554003716,0.0781172439455986,-0.08310963958501816,-0.07973571866750717,,,,,,,-0.009939631447196007,-0.0336761549115181,-0.13372120261192322,-0.15830813348293304,-0.08529084920883179,-0.08141077309846878,0.1941729485988617,0.2119927853345871,,,"688766.SH,688521.SH,301306.SZ"
60,1,房地产,1.0,-1.000000082690371e-10,房产服务,1.0,-0.08219999819993973,,8.6943998336792,,23.006399154663086,,1.9174000024795532,,228337.78125,,1.5885000228881836,,-0.445076048374176,-0.6959124207496643,-0.6835744976997375,-0.445076048374176,-0.6959124207496643,-0.4751787483692169,-0.6084779500961304,,,,,,,-0.4390934407711029,-0.07439445704221725,0.11605705320835114,0.9190373420715332,1.6324162483215332,1.3421201705932617,0.5198637247085571,-0.2706335186958313,,,603506.SH
61,124,医药生物,0.1532258064516129,2.7749367988652747,电气设备,0.10483870967741936,-1.39482581615448,2.953087329864502,3.2349116802215576,11.916735649108887,76.62682342529297,85.4305648803711,4.393730640411377,3.804212808609009,1231100.1010836693,2205125.368094915,3.281493406766845,3.7215986059434183,-0.17738774418830872,-0.1427394151687622,-0.12065649032592773,-0.17738774418830872,-0.1427394151687622,-0.11040788143873215,-0.14029397070407867,,,,,,,-0.11205324530601501,-0.12928377091884613,0.2086760401725769,0.1555526852607727,0.133072629570961,0.1372663378715515,-0.28436344861984253,-0.20401202142238617,,,"688200.SH,603986.SH,688019.SH"
62,1,机械设备,1.0,-1.000000082690371e-10,专用机械,1.0,-2.635200023651123,,-1.3630000352859497,,57.7557487487793,,4.392000198364258,,709526.625,,2.4855000972747803,,-0.316622257232666,-0.18775877356529236,-0.11723536998033524,-0.316622257232666,-0.18775877356529236,-0.2201491743326187,-0.2803802490234375,,,,,,,-0.32364070415496826,-0.33632752299308777,-0.4991491734981537,-0.7047110795974731,-1.1475837230682373,-1.1981608867645264,-0.4919045567512512,-0.39079713821411133,,,603131.SH
63,1,有色金属,1.0,-1.000000082690371e-10,矿物制品,1.0,-4.545499801635742,,2.6572000980377197,,164.69419860839844,,5.094099998474121,,651171.1875,,9.089500427246094,,-0.332200288772583,-0.6085366010665894,-0.7296974062919617,-0.332200288772583,-0.6085366010665894,0.416756272315979,0.5677254796028137,,,,,,,0.8814173936843872,0.5074337124824524,-0.4029649794101715,-0.5019366145133972,1.0951112508773804,0.7675960063934326,-0.7087637782096863,-1.0429860353469849,,,301141.SZ
64,1,家用电器,1.0,-1.000000082690371e-10,家用电器,1.0,-1.7595000267028809,,-7.2967000007629395,,35.61240005493164,,3.5471999645233154,,334011.625,,3.026900053024292,,-0.41686633229255676,-0.3289214074611664,-0.32965320348739624,-0.41686633229255676,-0.3289214074611664,-0.38160252571105957,-0.2250162661075592,,,,,,,-0.258634477853775,-0.1617327332496643,-1.2250562906265259,-1.511663794517517,-0.4286964535713196,-0.2921948730945587,0.8736299872398376,1.011574625968933,,,002723.SZ
65,1,汽车,1.0,-1.000000082690371e-10,摩托车,1.0,-1.1236000061035156,,-3.5106000900268555,,37.88090133666992,,2.7011001110076904,,225605.046875,,1.8997999429702759,,-0.4458055794239044,-0.41554975509643555,-0.4089674949645996,-0.4458055794239044,-0.41554975509643555,-0.3802797198295593,-0.26501306891441345,,,,,,,-0.4412398338317871,-0.3763919770717621,-1.0072122812271118,-1.1189697980880737,-5.206864356994629,-5.141256809234619,0.055798523128032684,-0.013505352661013603,,,002105.SZ
66,1,传媒,1.0,-1.000000082690371e-10,互联网,1.0,-1.9703999757766724,,-1.9154000282287598,,46.50640106201172,,6.6793999671936035,,1399292.75,,2.3640999794006348,,-0.13248856365680695,0.01097714714705944,0.021542919799685478,-0.13248856365680695,0.01097714714705944,-0.23325477540493011,-0.20541678369045258,,,,,,,-0.5347207188606262,-0.4932488203048706,1.7626020908355713,1.272645115852356,-0.7257652878761292,-0.5592565536499023,0.0627349391579628,0.310960590839386,,,300459.SZ
67,1,农林牧渔,1.0,-1.000000082690371e-10,农业综合,1.0,-2.1131999492645264,,1.9082000255584717,,88.56310272216797,,1.8140000104904175,,291786.53125,,12.054499626159668,,-0.4281383454799652,-0.3211745023727417,-0.3994099199771881,-0.4281383454799652,-0.3211745023727417,-0.09642145037651062,-0.05840621888637543,,,,,,,1.904990792274475,2.8298823833465576,-0.535192608833313,-0.21895599365234375,-0.269440233707428,-0.28560858964920044,0.8269239068031311,0.7092304229736328,,,002982.SZ
68,6,电子,0.3333333333333333,1.329661348454758,IT设备,0.16666666666666666,-4.774750232696533,3.2447898387908936,4.007016658782959,3.2840263843536377,118.46196746826172,103.27705383300781,5.926949977874756,5.32585334777832,1067593.2291666667,551753.7570968093,5.6391001145044966,7.734656973182084,-0.22103606164455414,-0.2164183259010315,-0.19544540345668793,-0.22103606164455414,-0.2164183259010315,0.15243859589099884,0.14875619113445282,,,,,,,0.43312832713127136,0.34444549679756165,0.36822256445884705,0.30924442410469055,0.11968293786048889,0.0723525658249855,-0.9409142136573792,-0.8884426951408386,,,"301183.SZ,301080.SZ,300580.SZ"
69,305,医药生物,0.10819672131147541,3.0666827407947514,软件服务,0.06229508196721312,-1.2287214994430542,2.906191349029541,3.4638171195983887,11.337164878845215,106.7218017578125,207.89060974121094,4.767437934875488,5.683381080627441,2178822.9634118844,4293106.864078331,3.3579344900748764,3.3828245873663327,0.07560774683952332,0.019061166793107986,0.018364058807492256,0.07560774683952332,0.019061166793107986,0.058355581015348434,0.06088274344801903,,,,,,,-0.09076935797929764,-0.06219445541501045,0.0771905779838562,0.07235334813594818,-0.041567932814359665,-0.01387793105095625,0.06561999768018723,0.029256543144583702,,,"600519.SH,920045.BJ,601869.SH"
70,1,交通运输,1.0,-1.000000082690371e-10,港口,1.0,-1.50600004196167,,4.233099937438965,,26.36680030822754,,1.402500033378601,,478676.0,,2.081899881362915,,-0.37824803590774536,-0.5273423790931702,-0.5021267533302307,-0.37824803590774536,-0.5273423790931702,-0.43918856978416443,-0.18993456661701202,,,,,,,-0.14541281759738922,1.249100685119629,0.7193587422370911,0.9522654414176941,0.09091626107692719,0.2290152758359909,-0.7670673131942749,-0.9147017002105713,,,002040.SZ
71,1,医药生物,1.0,-1.000000082690371e-10,化学制药,1.0,-3.072200059890747,,8.689599990844727,,26.18709945678711,,2.512200117111206,,376068.0625,,5.952700138092041,,-0.40563932061195374,-0.37921491265296936,-0.37859684228897095,-0.40563932061195374,-0.37921491265296936,-0.4477999210357666,-0.420817494392395,,,,,,,0.5173379778862,1.2479981184005737,0.4661574065685272,-0.19454015791416168,-0.008115905337035656,0.0008260780014097691,-0.8550411462783813,-0.37051913142204285,,,000788.SZ
72,3,通信,0.3333333333333333,1.0986122883681095,电信运营,0.3333333333333333,2.8719332218170166,9.558399200439453,2.4220001697540283,1.8550249338150024,144.5049591064453,204.52781677246094,3.6063668727874756,3.1642088890075684,531733.8916666667,356059.0725885002,8.8108247979482,11.19418604305796,-0.3640841543674469,-0.3418959379196167,-0.33672213554382324,-0.3640841543674469,-0.3418959379196167,0.26246580481529236,-0.06419077515602112,,,,,,,1.2637965679168701,0.6192019581794739,-0.5921932458877563,-0.5443346500396729,-0.17151623964309692,-0.2053007036447525,-0.1941574662923813,-0.1742466688156128,,,"300959.SZ,920118.BJ,603889.SH"
73,1,商贸零售,1.0,-1.000000082690371e-10,百货,1.0,-0.6672000288963318,,3.8285999298095703,,82.11370086669922,,3.0771000385284424,,267165.03125,,1.1614999771118164,,-0.4347110986709595,-0.46311381459236145,-0.43800219893455505,-0.4347110986709595,-0.46311381459236145,-0.09656452387571335,-0.033682018518447876,,,,,,,-0.7167233824729919,-0.6532753109931946,-0.4230428636074066,-0.3515376150608063,1.326472282409668,1.3508706092834473,-1.5435082912445068,-1.6201376914978027,,,600857.SH
74,159,电子,0.1069182389937107,3.092951768569894,汽车配件,0.08176100628930817,-0.9466873407363892,2.8657357692718506,2.035940408706665,11.320026397705078,105.44593048095703,190.2742919921875,4.755222320556641,5.967151165008545,2081323.6509787734,4050809.1390955583,4.165675789545167,4.439324226902657,0.04958021640777588,0.03658558428287506,0.05188872292637825,0.04958021640777588,0.03658558428287506,0.05032944679260254,0.062293220311403275,,,,,,,0.07477901875972748,0.04385904222726822,-0.11986588686704636,-0.1289331167936325,-0.0071938238106667995,-0.026125818490982056,0.09085623174905777,0.09959534555673599,,,"688256.SH,688072.SH,688630.SH"
75,1,非银金融,1.0,-1.000000082690371e-10,多元金融,1.0,-0.6890000104904175,,4.513500213623047,,24.268299102783203,,1.041700005531311,,2324842.5,,0.5428000092506409,,0.11458779126405716,-0.5470753908157349,-0.5243327617645264,0.11458779126405716,-0.5470753908157349,-0.44307422637939453,-0.1979912966489792,,,,,,,-0.8291414380073547,-0.450131356716156,-0.11405668407678604,-1.0216941833496094,-0.36407333612442017,-0.9871954917907715,1.8407260179519653,0.4794500768184662,,,002423.SZ
76,26,基础化工,0.15384615384615385,2.598143441244435,家用电器,0.07692307692307693,-1.0259230136871338,2.2259507179260254,3.248753786087036,10.158435821533203,116.23023986816406,278.5762023925781,3.8449387550354004,3.380866050720215,2401917.7752403845,4162968.527912736,3.678657817703027,5.008238338446551,0.1351630985736847,0.3021945655345917,0.09889699518680573,0.1351630985736847,0.3021945655345917,0.1000460758805275,0.21760627627372742,,,,,,,-0.08190310001373291,-0.03487098217010498,-0.028138386085629463,-0.02204214595258236,0.03332534804940224,0.023938912898302078,0.0465366393327713,0.05520439147949219,,,"001280.SZ,301511.SZ,001238.SZ"
77,117,医药生物,0.1452991452991453,2.962909988191833,元器件,0.07692307692307693,-0.7955778241157532,3.328357696533203,1.8244463205337524,11.963772773742676,83.86431121826172,134.82501220703125,4.566906452178955,5.4851274490356445,2496188.772238247,4661583.8245854005,3.967652557313951,4.366978459021839,0.16032883524894714,0.17306219041347504,0.2063465267419815,0.16032883524894714,0.17306219041347504,-0.0786110982298851,-0.08069770038127899,,,,,,,0.0457046777009964,0.10366353392601013,-0.03903645649552345,-0.11680439859628677,0.021450918167829514,0.0017002433305606246,0.16578151285648346,0.1662835329771042,,,"002371.SZ,688702.SH,301086.SZ"
78,1,环保,1.0,-1.000000082690371e-10,环境保护,1.0,5.606100082397461,,2.917799949645996,,158.610107421875,,4.615499973297119,,811984.625,,7.442500114440918,,-0.2892709970474243,0.06819701194763184,-0.3247363269329071,-0.2892709970474243,0.06819701194763184,0.41831672191619873,1.077147126197815,,,,,,,0.9726777076721191,1.1671106815338135,0.41311633586883545,0.5881961584091187,0.007527913432568312,0.09958218038082123,-0.9464017748832703,-1.4575499296188354,,,301148.SZ
79,1,通信,1.0,-1.000000082690371e-10,通信设备,1.0,-2.5048000812530518,,0.3343000113964081,,670.3143920898438,,2.253700017929077,,702240.6875,,1.7589000463485718,,-0.3185672461986542,-0.44293883442878723,-0.4652124047279358,-0.3185672461986542,-0.44293883442878723,3.3374781608581543,1.526186466217041,,,,,,,-0.5604144334793091,-1.0127067565917969,-0.27285289764404297,-0.1397353559732437,-0.363798052072525,-0.42655253410339355,-1.4030077457427979,-1.4362350702285767,,,300183.SZ
80,208,机械设备,0.125,3.0189970935293133,电气设备,0.0625,-1.189494252204895,2.777871608734131,2.095731496810913,9.591729164123535,87.92463684082031,172.4317169189453,3.5158369541168213,2.9934699535369873,1477776.6690925476,2875066.42687708,3.634383096792377,3.377368519100024,-0.11153720319271088,-0.09481244534254074,-0.09543056041002274,-0.11153720319271088,-0.09481244534254074,-0.05981254577636719,-0.05353667214512825,,,,,,,-0.050668761134147644,-0.04822198674082756,-0.15287192165851593,-0.1368773877620697,-0.09909790009260178,-0.10956192016601562,-0.0932139903306961,-0.16162732243537903,,,"688692.SH,603929.SH,688120.SH"
81,1,机械设备,1.0,-1.000000082690371e-10,专用机械,1.0,-2.598299980163574,,12.688400268554688,,23.56839942932129,,2.6589999198913574,,552956.6875,,3.0629000663757324,,-0.358418732881546,-0.267418771982193,-0.20873592793941498,-0.358418732881546,-0.267418771982193,-0.4614289402961731,-0.5225827693939209,,,,,,,-0.21126490831375122,-0.21122953295707703,0.5645596385002136,0.541763186454773,0.22157272696495056,0.19214339554309845,0.4564950168132782,0.7077906727790833,,,603966.SH
82,1,电力设备,1.0,-1.000000082690371e-10,电气设备,1.0,-0.1534000039100647,,4.264100074768066,,46.44599914550781,,2.019700050354004,,4743368.5,,4.596199989318848,,0.7602155208587646,0.8581816554069519,0.005708519369363785,0.7602155208587646,0.8581816554069519,-0.33802440762519836,-0.3702141046524048,,,,,,,-0.06878620386123657,-0.3981248140335083,-0.54927659034729,-0.28982314467430115,-0.22737133502960205,-0.3273264467716217,1.100083589553833,0.8608893752098083,,,688472.SH
83,1,建筑材料,1.0,-1.000000082690371e-10,染料涂料,1.0,-0.18080000579357147,,-26.989999771118164,,47.8171501159668,,2.370500087738037,,236585.34375,,1.375599980354309,,-0.44287437200546265,-0.49903160333633423,-0.45178914070129395,-0.44287437200546265,-0.49903160333633423,-0.3158041834831238,-0.23466575145721436,,,,,,,-0.5274566411972046,-0.4478941261768341,-2.5044872760772705,-2.315648317337036,-5.344354152679443,-4.540554046630859,1.8829909563064575,1.695388913154602,,,603378.SH
84,2,钢铁,0.5,0.6931471803599453,普钢,0.5,-1.6581000089645386,0.3897572159767151,0.4834499955177307,0.6558415293693542,39.779876708984375,4.64975643157959,1.5467829704284668,1.3875089883804321,606916.65625,361197.7894221601,0.902099996805191,0.217506018851564,-0.34401407837867737,-0.42044466733932495,-0.4221160411834717,-0.34401407837867737,-0.42044466733932495,-0.3503649830818176,-0.2486458569765091,,,,,,,-0.7421528100967407,-0.5652351379394531,-0.07200023531913757,0.6157733798027039,0.5051146745681763,0.3686830997467041,-0.2974889874458313,-0.577290415763855,,,"688098.SH,002110.SZ"
85,6,非银金融,0.16666666666666666,1.7917594686280547,证券,0.16666666666666666,0.10723332315683365,2.29085373878479,-0.49565014243125916,9.338313102722168,70.9601058959961,72.32486724853516,3.6690502166748047,1.7125588655471802,1266065.671875,1290201.057805829,3.9296999971071878,3.0190819697712548,-0.16805364191532135,-0.22847945988178253,-0.19231069087982178,-0.16805364191532135,-0.22847945988178253,-0.15335670113563538,-0.053540926426649094,,,,,,,-0.10359438508749008,0.5475841760635376,-0.2662842273712158,-0.40996959805488586,0.06399912387132645,0.09593194723129272,0.4923636019229889,0.4704638421535492,,,"600499.SH,300246.SZ,300612.SZ"
86,4,纺织服饰,0.25,1.3862943607198905,纺织,0.25,-1.329974889755249,1.9064768552780151,1.4879000186920166,4.978668689727783,156.414794921875,140.36607360839844,2.9062747955322266,0.9484724402427673,460878.8125,196233.91905236233,3.2282750606536865,1.3580994599380263,-0.3829990029335022,-0.3317839801311493,-0.3927263617515564,-0.3829990029335022,-0.3317839801311493,0.3335148096084595,0.28954607248306274,,,,,,,-0.19987189769744873,-0.10527514666318893,0.08911341428756714,0.08638381958007812,-0.02396950125694275,0.022799629718065262,-0.5090042352676392,-0.5030133724212646,,,"301133.SZ,688118.SH,301305.SZ"
87,102,机械设备,0.11764705882352941,3.004008888808693,专用机械,0.06862745098039216,-1.3345441818237305,3.579467296600342,2.815009117126465,10.254227638244629,67.97919464111328,85.88360595703125,4.310317516326904,5.280233383178711,1688381.7260355388,3388762.016349291,3.715790060080734,4.4506515234013335,-0.05531599372625351,0.0035908592399209738,0.056201573461294174,-0.05531599372625351,0.0035908592399209738,-0.17705383896827698,-0.19553057849407196,,,,,,,-0.024693507701158524,-0.06638898700475693,-0.08805440366268158,0.003533594775944948,0.013575298711657524,0.005199656821787357,0.13254666328430176,0.12769466638565063,,,"301326.SZ,688325.SH,000988.SZ"
89,72,机械设备,0.1388888888888889,2.8413355979977357,专用机械,0.1111111111111111,-1.2833222150802612,2.4552228450775146,4.204615116119385,9.719645500183105,104.52936553955078,230.812255859375,4.336416244506836,5.331946849822998,1753526.6556770825,3473394.1173862177,3.2468740148842334,3.2153465646680526,-0.037925492972135544,-0.024618208408355713,0.0008541743154637516,-0.037925492972135544,-0.024618208408355713,0.04765298590064049,0.0931188240647316,,,,,,,-0.17527584731578827,-0.0993967205286026,0.1736939698457718,0.17181849479675293,0.1150267943739891,0.10555010288953781,-0.16339200735092163,-0.11970872431993484,,,"301626.SZ,688615.SH,301589.SZ"
90,27,电力设备,0.1111111111111111,2.82694429668756,家用电器,0.1111111111111111,-1.2132147550582886,2.6847116947174072,1.0976933240890503,12.553587913513184,129.45518493652344,233.88604736328125,4.761148452758789,6.656801223754883,1545873.170138889,2300619.5501773427,4.201054621228465,4.542003692279934,-0.09335878491401672,-0.0802229717373848,-0.10373353958129883,-0.09335878491401672,-0.0802229717373848,0.18476000428199768,0.16318757832050323,,,,,,,0.15952365100383759,0.15407416224479675,-0.29215484857559204,-0.23103047907352448,-0.03461003676056862,-0.015423589386045933,-0.12847353518009186,-0.10593242943286896,,,"300731.SZ,301289.SZ,301217.SZ"
91,229,医药生物,0.10480349344978165,3.1118291829308777,电气设备,0.07860262008733625,-1.2061808109283447,2.3631157875061035,1.9357657432556152,12.84711742401123,79.83036041259766,107.20858764648438,4.3215742111206055,5.559402942657471,2049684.5501828594,4195586.918046754,3.5780682520626934,3.5092799748988983,0.04113413020968437,0.09581366926431656,0.11635863035917282,0.04113413020968437,0.09581366926431656,-0.10583281517028809,-0.06306794285774231,,,,,,,-0.06553133577108383,-0.03824518993496895,-0.10040801018476486,-0.10797605663537979,0.0181497260928154,0.018736980855464935,0.10207317769527435,0.07784644514322281,,,"002028.SZ,002384.SZ,300672.SZ"
92,1,煤炭,1.0,-1.000000082690371e-10,煤炭开采,1.0,2.4112000465393066,,1.048200011253357,,34.106998443603516,,0.8676999807357788,,1992776.625,,1.3157999515533447,,0.025942500680685043,-0.3220556378364563,-0.28030675649642944,0.025942500680685043,-0.3220556378364563,-0.4183195233345032,-0.19238917529582977,,,,,,,-0.6124469041824341,-0.5814697742462158,-0.45221424102783203,0.11324159055948257,-0.46148481965065,-0.4752424955368042,0.968008816242218,0.720723569393158,,,601666.SH
93,192,电子,0.109375,3.0629469847769846,半导体,0.06770833333333333,-1.0937275886535645,2.525843620300293,3.564610242843628,9.198246955871582,120.3682632446289,206.78802490234375,4.829970836639404,5.476978778839111,2081267.7595703125,3706328.780471953,3.668400279128303,4.072756297631981,0.049565285444259644,0.012159186415374279,0.03277568146586418,0.049565285444259644,0.012159186415374279,0.1452820748090744,0.13155245780944824,,,,,,,0.016996337100863457,-0.008055989630520344,0.11763636022806168,0.09227908402681351,-0.0026468883734196424,-0.003407791256904602,-0.06032257154583931,-0.047594498842954636,,,"688048.SH,605499.SH,688279.SH"
94,65,机械设备,0.12307692307692308,2.9211154489743025,化工原料,0.07692307692307693,-1.5785722732543945,2.3262879848480225,0.4651154577732086,13.482891082763672,62.24152374267578,67.37100219726562,4.287656784057617,5.1654839515686035,1616914.139423077,3325544.8566283593,3.9281765741201546,4.467441628886966,-0.0743943378329277,-0.08835739642381668,-0.08888751268386841,-0.0743943378329277,-0.08835739642381668,-0.2162560373544693,-0.16910549998283386,,,,,,,-0.013727925717830658,0.013688246719539165,-0.23166951537132263,-0.24722638726234436,-0.07426536828279495,-0.06443924456834793,0.2281695157289505,0.18704792857170105,,,"300567.SZ,002851.SZ,688578.SH"
95,151,机械设备,0.1390728476821192,2.8524073657272746,专用机械,0.07947019867549669,-1.3557801246643066,3.388079881668091,4.028286933898926,9.783769607543945,102.9814224243164,159.31736755371094,4.7480854988098145,4.88008975982666,1897742.0046398991,4304813.10253552,4.5749402631592275,4.597184697763264,0.0005729340482503176,-0.012851465493440628,-0.0813177227973938,0.0005729340482503176,-0.012851465493440628,0.04185045138001442,0.01673082634806633,,,,,,,0.20153962075710297,0.19387052953243256,0.06597180664539337,0.060786210000514984,0.02102433517575264,0.017894966527819633,-0.06393593549728394,-0.024789784103631973,,,"688795.SH,688027.SH,688627.SH"
96,56,机械设备,0.17857142857142858,2.637139068558068,软件服务,0.10714285714285714,-1.6683911085128784,2.9422271251678467,4.311473369598389,8.012545585632324,150.3758087158203,230.19265747070312,5.574446201324463,4.274778842926025,2020296.6493749989,3852358.6061643627,3.872846471135105,4.037110950898526,0.03328898549079895,-0.014135290868580341,-0.02316969633102417,0.03328898549079895,-0.014135290868580341,0.3385026752948761,0.27106931805610657,,,,,,,0.039364513009786606,-0.005665532313287258,0.15990936756134033,0.16274523735046387,-0.051914993673563004,-0.06994975358247757,-0.10585417598485947,-0.0712038055062294,,,"688111.SH,688037.SH,603516.SH"
97,1,通信,1.0,-1.000000082690371e-10,通信设备,1.0,-2.3173000812530518,,28.49995994567871,,80.41619873046875,,35.078216552734375,,26491791.43999993,,4.537700176239014,,6.565977096557617,3.6805801391601562,3.690016031265259,6.565977096557617,3.6805801391601562,0.2226995825767517,-0.2613896131515503,,,,,,,-0.06743276864290237,-0.651915967464447,2.6100428104400635,2.7517309188842773,1.6104103326797485,1.5569100379943848,-0.4563477039337158,-0.4567958414554596,,,300502.SZ
98,2,建筑装饰,0.5,0.6931471803599453,建筑工程,0.5,-1.197950005531311,0.5023993849754333,8.009750366210938,3.159423828125,26.079700469970703,6.332140922546387,2.084249973297119,0.27244827151298523,220809.421875,79209.28403630131,2.13480007648468,0.14113850030758318,-0.44708576798439026,-0.4283680319786072,-0.471353143453598,-0.44708576798439026,-0.4283680319786072,-0.43701136112213135,-0.37391597032546997,,,,,,,-0.4783160090446472,-0.31976374983787537,0.7151614427566528,0.5979669690132141,0.07442375272512436,0.16432882845401764,-0.7868130207061768,-0.9424182176589966,,,"920656.BJ,002949.SZ"
99,1,环保,1.0,-1.000000082690371e-10,环境保护,1.0,-2.832900047302246,,-6.02400016784668,,35.30220031738281,,1.7723000049591064,,131805.175,,0.7232999801635742,,-0.4708455204963684,-0.7189046740531921,-0.8167214393615723,-0.4708455204963684,-0.7189046740531921,-0.39619767665863037,-0.3494318723678589,,,,,,,-0.8160196542739868,-0.8379086256027222,-1.3491519689559937,-1.2275129556655884,-0.05070234835147858,0.042679313570261,-0.8281781077384949,-1.329532265663147,,,920370.BJ
100,10,机械设备,0.4,1.6094379118341005,机械基件,0.2,-1.4191299676895142,2.5984511375427246,4.788209915161133,6.165375709533691,51.22111892700195,43.30213928222656,2.8695101737976074,1.3675875663757324,1717376.8046875,2205546.659378286,3.977530041337013,3.537577756077378,-0.047575727105140686,0.15831975638866425,0.1202324777841568,-0.047575727105140686,0.15831975638866425,-0.2923017144203186,-0.27972277998924255,,,,,,,0.11671316623687744,0.0969194546341896,-0.03477693349123001,0.08558250963687897,0.022584471851587296,-0.008684173226356506,0.21566899120807648,0.24149414896965027,,,"688308.SH,001288.SZ,002760.SZ"
101,3,钢铁,0.3333333333333333,1.0986122883681095,特种钢,0.3333333333333333,-1.4112666845321655,0.9487901926040649,0.815833330154419,2.9354350566864014,106.6250991821289,71.82256317138672,2.2457666397094727,1.325758934020996,1104071.8958333333,1266001.4283414637,0.9417666792869568,0.4353419723736089,-0.21129803359508514,-0.23352129757404327,-0.19434933364391327,-0.21129803359508514,-0.23352129757404327,0.025435401126742363,0.04763699695467949,,,,,,,-0.6379961371421814,-0.5167341232299805,-0.2999483048915863,-0.16588833928108215,-0.077589251101017,-0.1977122575044632,0.10386792570352554,0.2416505068540573,,,"605033.SH,300318.SZ,000825.SZ"
102,50,计算机,0.12,3.0833733462245525,软件服务,0.12,-0.8519840240478516,2.930706024169922,2.0879263877868652,12.006604194641113,70.72801971435547,64.63236236572266,4.500875473022461,4.090563774108887,2005718.6971875,4147779.8748918767,3.5087860998392104,4.597077211488695,0.029397383332252502,-0.054172053933143616,-0.0958765298128128,0.029397383332252502,-0.054172053933143616,-0.1516590565443039,-0.10302449017763138,,,,,,,-0.07875867187976837,0.0208636112511158,-0.06072887405753136,-0.0617993026971817,0.0972021296620369,0.0984555184841156,0.15720991790294647,0.10490517318248749,,,"002916.SZ,300779.SZ,001359.SZ"
103,2,机械设备,0.5,0.6931471803599453,机械基件,0.5,-1.1428000926971436,0.8072330951690674,-2.172100067138672,8.505221366882324,43.24217224121094,20.52529525756836,2.4809000492095947,1.6469930410385132,982739.28125,816656.4925045667,2.9682000279426575,2.2546806429745403,-0.24368789792060852,-0.13203860819339752,-0.040542058646678925,-0.24368789792060852,-0.13203860819339752,-0.3487226366996765,-0.3656698167324066,,,,,,,-0.22860555350780487,-0.10203510522842407,-0.9589887857437134,-1.4153989553451538,-1.7125563621520996,-1.7510731220245361,0.6894522905349731,1.1626263856887817,,,"600056.SH,002347.SZ"
104,1,建筑装饰,1.0,-1.000000082690371e-10,建筑工程,1.0,-1.6780999898910522,,-8.162500381469727,,40.544700622558594,,2.4270999431610107,,349886.15625,,0.9312999844551086,,-0.4126286208629608,-0.3688664436340332,-0.35073480010032654,-0.4126286208629608,-0.3688664436340332,-0.3208238184452057,-0.22377297282218933,,,,,,,-0.780323326587677,-0.751142680644989,-1.4411629438400269,-0.9318963289260864,-2.0710256099700928,-1.7807657718658447,-0.3040652275085449,-0.9872923493385315,,,603955.SH
105,1,电力设备,1.0,-1.000000082690371e-10,电气设备,1.0,-3.469099998474121,,22.266300201416016,,16.69260025024414,,3.416100025177002,,242414.171875,,2.00819993019104,,-0.4413183629512787,-0.5504037141799927,-0.5547283291816711,-0.4413183629512787,-0.5504037141799927,-0.4833277463912964,-0.5336681604385376,,,,,,,-0.5538271069526672,-0.8357229232788086,2.0233325958251953,2.3293445110321045,0.0007815667777322233,-0.08681618422269821,-0.5212188363075256,-0.8963462710380554,,,920523.BJ
