record_id,stock_code,stock_name,asof_date,sem_000,sem_001,sem_002,sem_003,sem_004,sem_005,sem_006,sem_007,sem_008,sem_009,sem_010,sem_011,sem_012,sem_013,sem_014,sem_015,sem_016,sem_017,sem_018,sem_019,sem_020,sem_021,sem_022,sem_023,sem_024,sem_025,sem_026,sem_027,sem_028,sem_029,sem_030,sem_031,sem_032,sem_033,sem_034,sem_035,sem_036,sem_037,sem_038,sem_039,sem_040,sem_041,sem_042,sem_043,sem_044,sem_045,sem_046,sem_047,sem_048,sem_049,sem_050,sem_051,sem_052,sem_053,sem_054,sem_055,sem_056,sem_057,sem_058,sem_059,sem_060,sem_061,sem_062,sem_063,sem_064,sem_065,sem_066,sem_067,sem_068,sem_069,sem_070,sem_071,sem_072,sem_073,sem_074,sem_075,sem_076,sem_077,sem_078,sem_079,sem_080,sem_081,sem_082,sem_083,sem_084,sem_085,sem_086,sem_087,sem_088,sem_089,sem_090,sem_091,sem_092,sem_093,sem_094,sem_095,sem_096,sem_097,sem_098,sem_099,sem_100,sem_101,sem_102,sem_103,sem_104,sem_105,sem_106,sem_107,sem_108,sem_109,sem_110,sem_111,sem_112,sem_113,sem_114,sem_115,sem_116,sem_117,sem_118,sem_119,sem_120,sem_121,sem_122,sem_123,sem_124,sem_125,sem_126,sem_127,sem_128,sem_129,sem_130,sem_131,sem_132,sem_133,sem_134,sem_135,sem_136,sem_137,sem_138,sem_139,sem_140,sem_141,sem_142,sem_143,sem_144,sem_145,sem_smooth_000,sem_smooth_001,sem_smooth_002,sem_smooth_003,sem_smooth_004,sem_smooth_005,sem_smooth_006,sem_smooth_007,sem_smooth_008,sem_smooth_009,sem_smooth_010,sem_smooth_011,sem_smooth_012,sem_smooth_013,sem_smooth_014,sem_smooth_015,sem_smooth_016,sem_smooth_017,sem_smooth_018,sem_smooth_019,sem_smooth_020,sem_smooth_021,sem_smooth_022,sem_smooth_023,sem_smooth_024,sem_smooth_025,sem_smooth_026,sem_smooth_027,sem_smooth_028,sem_smooth_029,sem_smooth_030,sem_smooth_031,sem_smooth_032,sem_smooth_033,sem_smooth_034,sem_smooth_035,sem_smooth_036,sem_smooth_037,sem_smooth_038,sem_smooth_039,sem_smooth_040,sem_smooth_041,sem_smooth_042,sem_smooth_043,sem_smooth_044,sem_smooth_045,sem_smooth_046,sem_smooth_047,sem_smooth_048,sem_smooth_049,sem_smooth_050,sem_smooth_051,sem_smooth_052,sem_smooth_053,sem_smooth_054,sem_smooth_055,sem_smooth_056,sem_smooth_057,sem_smooth_058,sem_smooth_059,sem_smooth_060,sem_smooth_061,sem_smooth_062,sem_smooth_063,sem_smooth_064,sem_smooth_065,sem_smooth_066,sem_smooth_067,sem_smooth_068,sem_smooth_069,sem_smooth_070,sem_smooth_071,sem_smooth_072,sem_smooth_073,sem_smooth_074,sem_smooth_075,sem_smooth_076,sem_smooth_077,sem_smooth_078,sem_smooth_079,sem_smooth_080,sem_smooth_081,sem_smooth_082,sem_smooth_083,sem_smooth_084,sem_smooth_085,sem_smooth_086,sem_smooth_087,sem_smooth_088,sem_smooth_089,sem_smooth_090,sem_smooth_091,sem_smooth_092,sem_smooth_093,sem_smooth_094,sem_smooth_095,sem_smooth_096,sem_smooth_097,sem_smooth_098,sem_smooth_099,sem_smooth_100,sem_smooth_101,sem_smooth_102,sem_smooth_103,sem_smooth_104,sem_smooth_105,sem_smooth_106,sem_smooth_107,sem_smooth_108,sem_smooth_109,sem_smooth_110,sem_smooth_111,sem_smooth_112,sem_smooth_113,sem_smooth_114,sem_smooth_115,sem_smooth_116,sem_smooth_117,sem_smooth_118,sem_smooth_119,sem_smooth_120,sem_smooth_121,sem_smooth_122,sem_smooth_123,sem_smooth_124,sem_smooth_125,sem_smooth_126,sem_smooth_127,sem_smooth_128,sem_smooth_129,sem_smooth_130,sem_smooth_131,sem_smooth_132,sem_smooth_133,sem_smooth_134,sem_smooth_135,sem_smooth_136,sem_smooth_137,sem_smooth_138,sem_smooth_139,sem_smooth_140,sem_smooth_141,sem_smooth_142,sem_smooth_143,sem_smooth_144,sem_smooth_145,confidence_score,uncertainty_count,source_note_len,risk_keyword_score,stability_penalty
f28b37e410e91cba67ee44b2,000001.SZ,平安银行,2024-06-30,0.706126,0.011365034,-0.005224439,-6.2931914e-17,5.688297e-17,-2.4146142e-17,-3.319317e-16,-1.2307508e-16,1.7453887e-16,-1.7020943e-16,3.6297238e-17,-2.4617555e-17,5.1944398e-17,-5.39548e-16,-1.3451884e-15,0.00021921896,-0.00053790666,-0.0061333263,-0.10351918,-0.40203813,0.0,0.0,0.0,0.0,0.0,0.0,0.0,0.0,0.0,0.0,0.0,0.0,0.0,0.0,0.0,0.0,0.0,0.0,0.0,0.0,0.0,0.0,0.0,0.0,0.0,0.0,0.0,0.0,0.0,0.0,0.0,0.0,0.0,0.0,0.0,0.0,0.0,0.0,0.0,0.0,0.0,0.0,0.0,0.0,0.36057737,0.060471408,0.007698655,0.110849045,0.001079557,0.014935206,-0.0075837006,0.04460315,0.105682224,0.025824938,0.0028835733,-0.0071873832,-0.015246873,0.14194508,-0.012092565,0.006241806,-0.08584177,0.07645363,-0.00021948731,0.07561224,0.0,0.0,0.0,0.0,0.0,0.0,0.0,0.0,0.0,0.0,0.0,0.0,0.0,0.0,0.0,0.0,0.0,0.0,0.0,0.0,0.0,0.0,0.0,0.0,0.0,0.0,0.0,0.0,0.0,0.0,0.0,0.0,0.0,0.0,0.0,0.0,0.0,0.0,0.0,0.0,0.0,0.0,0.0,0.0,-0.109301835,-0.03417223,-0.03417223,-0.0496511,0.16467404,-0.085998215,-0.03417223,-0.074476644,0.16467404,-0.03417223,-0.12161984,0.14895329,-0.0496511,0.024825554,-0.02482555,0.032884847,-0.023421822,-0.024291601,0.5872803,0.035271376,-0.0027231602,0.03173303,0.018540854,0.008844262,0.009697091,0.006886842,0.008170519,0.024597107,0.003828759,0.0006215327,0.00928284,0.008392751,-0.0075866133,0.015385732,0.0017757646,-0.0015237567,-0.0763765,-0.25484228,0.0,0.0,0.0,0.0,0.0,0.0,0.0,0.0,0.0,0.0,0.0,0.0,0.0,0.0,0.0,0.0,0.0,0.0,0.0,0.0,0.0,0.0,0.0,0.0,0.0,0.0,0.0,0.0,0.0,0.0,0.0,0.0,0.0,0.0,0.0,0.0,0.0,0.0,0.0,0.0,0.0,0.0,0.0,0.0,0.30986273,0.04863412,0.012729958,0.093935184,0.014394631,0.003101762,0.001330018,0.038411096,0.07629829,0.03194504,-7.742085e-06,0.010102546,-0.0076902313,0.11264235,0.012577607,-0.006875443,-0.06905265,0.057091735,0.022230744,0.044217195,0.0,0.0,0.0,0.0,0.0,0.0,0.0,0.0,0.0,0.0,0.0,0.0,0.0,0.0,0.0,0.0,0.0,0.0,0.0,0.0,0.0,0.0,0.0,0.0,0.0,0.0,0.0,0.0,0.0,0.0,0.0,0.0,0.0,0.0,0.0,0.0,0.0,0.0,0.0,0.0,0.0,0.0,0.0,0.0,-0.08881766,-0.032982968,-0.015106185,-0.01879237,0.11755287,-0.07404266,-0.015106185,-0.027543215,0.09705295,-0.0087738605,-0.06376405,0.08067714,-0.030335635,0.011736574,-0.01173657,0.026097879,-0.01275937,-0.012533572,1.0,0,82.0,0.0,0.0
2dea52419497494e3eef3e55,000002.SZ,万科Ａ,2024-06-30,-6.624111e-14,0.27686054,-0.21279395,0.26486227,0.059091724,-0.046327204,0.084740214,0.15783596,-0.16236319,0.3218359,-0.083145246,-0.31708688,-0.13601631,0.03222896,-0.21611573,0.25269225,0.023101047,-0.24292421,-0.012874524,-5.2570205e-16,0.0,0.0,0.0,0.0,0.0,0.0,0.0,0.0,0.0,0.0,0.0,0.0,0.0,0.0,0.0,0.0,0.0,0.0,0.0,0.0,0.0,0.0,0.0,0.0,0.0,0.0,0.0,0.0,0.0,0.0,0.0,0.0,0.0,0.0,0.0,0.0,0.0,0.0,0.0,0.0,0.0,0.0,0.0,0.0,0.19623013,-0.17788802,0.00049175625,-0.009601047,-0.054930523,-0.04484285,0.11754181,0.046397693,0.17409083,0.032251064,0.002574431,-0.032114603,-0.0007374761,-0.11736915,-0.052373677,0.08022859,-0.19611605,-0.026301865,0.051907077,-0.08395933,0.0,0.0,0.0,0.0,0.0,0.0,0.0,0.0,0.0,0.0,0.0,0.0,0.0,0.0,0.0,0.0,0.0,0.0,0.0,0.0,0.0,0.0,0.0,0.0,0.0,0.0,0.0,0.0,0.0,0.0,0.0,0.0,0.0,0.0,0.0,0.0,0.0,0.0,0.0,0.0,0.0,0.0,0.0,0.0,-0.10814468,-0.033810455,-0.033810455,-0.04912546,0.16293068,-0.085087776,-0.033810455,-0.07368818,0.16293068,-0.033810455,0.18049842,-0.14737636,-0.04912546,0.024562731,-0.02456273,-0.06340482,-0.02317386,-0.024034431,0.0106743695,0.23077956,-0.15329008,0.23627251,0.069691636,-0.0117929615,0.0875811,0.120923355,-0.08623761,0.2703195,-0.059334982,-0.22447728,-0.06948382,0.04522551,-0.15046598,0.20263359,0.02649412,-0.1612113,-0.014800811,-0.0014304512,0.0,0.0,0.0,0.0,0.0,0.0,0.0,0.0,0.0,0.0,0.0,0.0,0.0,0.0,0.0,0.0,0.0,0.0,0.0,0.0,0.0,0.0,0.0,0.0,0.0,0.0,0.0,0.0,0.0,0.0,0.0,0.0,0.0,0.0,0.0,0.0,0.0,0.0,0.0,0.0,0.0,0.0,0.0,0.0,0.20002556,-0.10843309,0.0023925044,0.007162855,-0.034616735,-0.019563362,0.08716807,0.032124437,0.1377072,0.031081557,0.0002711116,-0.022803027,-0.0026553173,-0.06470597,-0.022442218,0.06552378,-0.13468151,-0.0052591283,0.04469958,-0.05602666,0.0,0.0,0.0,0.0,0.0,0.0,0.0,0.0,0.0,0.0,0.0,0.0,0.0,0.0,0.0,0.0,0.0,0.0,0.0,0.0,0.0,0.0,0.0,0.0,0.0,0.0,0.0,0.0,0.0,0.0,0.0,0.0,0.0,0.0,0.0,0.0,0.0,0.0,0.0,0.0,0.0,0.0,0.0,0.0,-0.07952905,-0.013528896,-0.010413929,-0.024032341,0.101229124,-0.07618387,-0.010413929,-0.055642877,0.12807287,-0.028447803,0.12811165,-0.10722606,-0.03049537,0.01627529,-0.016275289,-0.047194548,-0.013973939,-0.015065814,1.0,0,59.0,0.0,0.0
af5793e2de7f474fa97a1423,000004.SZ,*ST国华,2024-06-30,-4.1484543e-14,-0.03645097,-0.08467557,0.20823501,-0.22698417,0.30918735,0.029158829,0.10189034,0.026762832,0.22448453,0.2676558,0.012324349,0.18308541,0.004458929,0.1080858,0.25485468,0.15876395,-0.16040649,-0.010697424,5.2749286e-15,0.0,0.0,0.0,0.0,0.0,0.0,0.0,0.0,0.0,0.0,0.0,0.0,0.0,0.0,0.0,0.0,0.0,0.0,0.0,0.0,0.0,0.0,0.0,0.0,0.0,0.0,0.0,0.0,0.0,0.0,0.0,0.0,0.0,0.0,0.0,0.0,0.0,0.0,0.0,0.0,0.0,0.0,0.0,0.0,0.21905415,0.03865734,0.0029365988,-0.038796205,0.0005926572,-0.08997629,0.13824505,0.0033087984,-0.00586921,0.11673005,-0.11161952,-0.10355594,0.088838466,0.057901323,0.034522086,0.07227515,-0.031997513,0.008541276,0.105625145,-0.045899816,0.0,0.0,0.0,0.0,0.0,0.0,0.0,0.0,0.0,0.0,0.0,0.0,0.0,0.0,0.0,0.0,0.0,0.0,0.0,0.0,0.0,0.0,0.0,0.0,0.0,0.0,0.0,0.0,0.0,0.0,0.0,0.0,0.0,0.0,0.0,0.0,0.0,0.0,0.0,0.0,0.0,0.0,0.0,0.0,-0.093804985,-0.029327279,-0.029327279,-0.042611554,0.1413265,-0.07380536,-0.029327279,0.25566927,-0.11563079,-0.029327279,0.15656482,-0.12783463,-0.042611554,-0.19175196,0.19175196,0.10058757,0.24791317,0.22932287,0.014802911,0.025891032,-0.07561955,0.17661707,-0.13708475,0.23379664,0.057132058,0.106084794,0.04364133,0.20838593,0.1928969,0.00088281976,0.16556257,-0.02102124,0.08221852,0.19397007,0.1323948,-0.09200486,-0.025747318,-0.0067935116,0.0,0.0,0.0,0.0,0.0,0.0,0.0,0.0,0.0,0.0,0.0,0.0,0.0,0.0,0.0,0.0,0.0,0.0,0.0,0.0,0.0,0.0,0.0,0.0,0.0,0.0,0.0,0.0,0.0,0.0,0.0,0.0,0.0,0.0,0.0,0.0,0.0,0.0,0.0,0.0,0.0,0.0,0.0,0.0,0.21140572,0.034643367,0.020614984,-0.022314746,0.0033067546,-0.06393152,0.10281685,0.0030534859,0.02222298,0.0923063,-0.060278296,-0.06947619,0.060705677,0.034491893,0.029704062,0.06992531,-0.028275317,0.008663403,0.08818191,-0.028418982,0.0,0.0,0.0,0.0,0.0,0.0,0.0,0.0,0.0,0.0,0.0,0.0,0.0,0.0,0.0,0.0,0.0,0.0,0.0,0.0,0.0,0.0,0.0,0.0,0.0,0.0,0.0,0.0,0.0,0.0,0.0,0.0,0.0,0.0,0.0,0.0,0.0,0.0,0.0,0.0,0.0,0.0,0.0,0.0,-0.08051153,-0.017308053,-0.030456213,-0.04425186,0.124799736,-0.06607296,-0.030456213,0.17521837,-0.05668688,-0.030456213,0.11534282,-0.092192456,-0.034699943,-0.12701449,0.12701449,0.06596225,0.16673513,0.15346923,0.5,1,102.0,2.0,0.3
8014f5f3c51ecc864f8fc328,000006.SZ,深振业Ａ,2024-06-30,-1.1029494e-14,0.1823011,-0.0052394443,0.29626533,0.052368127,-0.04985062,0.10286818,-0.07452757,0.25380602,0.17010652,-0.030169507,-0.10931522,0.034966864,0.10089633,-0.26087466,-0.09894156,-0.15700383,-0.007189441,0.04434459,-6.5152953e-15,0.0,0.0,0.0,0.0,0.0,0.0,0.0,0.0,0.0,0.0,0.0,0.0,0.0,0.0,0.0,0.0,0.0,0.0,0.0,0.0,0.0,0.0,0.0,0.0,0.0,0.0,0.0,0.0,0.0,0.0,0.0,0.0,0.0,0.0,0.0,0.0,0.0,0.0,0.0,0.0,0.0,0.0,0.0,0.0,0.23688409,0.075982474,0.0784884,0.102133825,0.015357019,0.016314337,0.042300563,0.007181304,-0.07573049,0.015448494,0.074754365,0.03882542,-0.026498273,0.047703326,0.055189457,0.01261621,-0.06651173,-0.040701322,0.047302194,-0.007900178,0.0,0.0,0.0,0.0,0.0,0.0,0.0,0.0,0.0,0.0,0.0,0.0,0.0,0.0,0.0,0.0,0.0,0.0,0.0,0.0,0.0,0.0,0.0,0.0,0.0,0.0,0.0,0.0,0.0,0.0,0.0,0.0,0.0,0.0,0.0,0.0,0.0,0.0,0.0,0.0,0.0,0.0,0.0,0.0,-0.08055269,-0.025184069,0.47849733,-0.036591608,-0.09929505,-0.06337851,0.47849733,-0.054887403,-0.09929505,-0.025184069,0.13444613,-0.109774806,-0.036591608,0.018295806,-0.018295804,-0.02237103,-0.01726129,-0.017902296,0.028893048,0.16712515,-0.006879008,0.25634876,0.07237756,-0.02628403,0.10904983,-0.04598558,0.19746679,0.15630403,-0.029022306,-0.07708548,0.040665235,0.0742552,-0.18794414,-0.06619404,-0.09885537,-0.009984313,0.03252776,-0.009976778,0.0,0.0,0.0,0.0,0.0,0.0,0.0,0.0,0.0,0.0,0.0,0.0,0.0,0.0,0.0,0.0,0.0,0.0,0.0,0.0,0.0,0.0,0.0,0.0,0.0,0.0,0.0,0.0,0.0,0.0,0.0,0.0,0.0,0.0,0.0,0.0,0.0,0.0,0.0,0.0,0.0,0.0,0.0,0.0,0.23580462,0.05718958,0.055835515,0.07810597,0.007458484,0.0058129784,0.027083946,0.01657954,-0.032403227,0.025905687,0.055941127,0.03424514,-0.017726624,0.0448893,0.043236267,0.011708416,-0.046250496,-0.03024982,0.031938784,-0.010334756,0.0,0.0,0.0,0.0,0.0,0.0,0.0,0.0,0.0,0.0,0.0,0.0,0.0,0.0,0.0,0.0,0.0,0.0,0.0,0.0,0.0,0.0,0.0,0.0,0.0,0.0,0.0,0.0,0.0,0.0,0.0,0.0,0.0,0.0,0.0,0.0,0.0,0.0,0.0,0.0,0.0,0.0,0.0,0.0,-0.061559092,-0.027548859,0.32502812,-0.028116608,-0.05434702,-0.058530603,0.32502812,-0.048836883,-0.04343923,-0.019951068,0.09567623,-0.07303843,-0.0345079,0.017253952,-0.01725395,-0.018937003,-0.017146274,-0.017422946,1.0,0,67.0,0.0,0.0
9099af5cfd533c6f9f238f86,000007.SZ,全新好,2024-06-30,0.41999352,-0.011196919,0.0022042582,0.01239391,0.01278077,-0.0471023,-0.0023186547,-0.017328281,0.011040704,0.032627624,0.0436971,0.07125105,0.01866398,-0.035303254,-0.0068974765,-0.04165907,-0.041663658,-0.010091391,0.37086308,0.06025652,0.0,0.0,0.0,0.0,0.0,0.0,0.0,0.0,0.0,0.0,0.0,0.0,0.0,0.0,0.0,0.0,0.0,0.0,0.0,0.0,0.0,0.0,0.0,0.0,0.0,0.0,0.0,0.0,0.0,0.0,0.0,0.0,0.0,0.0,0.0,0.0,0.0,0.0,0.0,0.0,0.0,0.0,0.0,0.0,0.1639935,0.060559694,0.03163198,0.111938305,-0.07299403,0.07527247,-0.1036365,-0.026738811,-0.0049765687,0.0935685,0.0069578635,-0.010936277,-0.038964376,0.062353667,0.037972834,0.00911522,0.048313666,-0.08408408,0.070192136,-0.050964314,0.0,0.0,0.0,0.0,0.0,0.0,0.0,0.0,0.0,0.0,0.0,0.0,0.0,0.0,0.0,0.0,0.0,0.0,0.0,0.0,0.0,0.0,0.0,0.0,0.0,0.0,0.0,0.0,0.0,0.0,0.0,0.0,0.0,0.0,0.0,0.0,0.0,0.0,0.0,0.0,0.0,0.0,0.0,0.0,-0.077097215,-0.024103746,-0.024103746,0.31519738,-0.09503558,-0.06065976,-0.024103746,-0.052532896,-0.09503558,0.4579712,-0.08578585,-0.10506579,0.31519738,-0.15759869,0.15759869,0.18675487,0.09361804,0.119940385,0.3825826,0.012303477,-0.004752944,0.025444204,0.020350832,-0.034779,0.022713827,-0.0042267377,0.038038198,0.047391262,0.0383905,0.05240677,0.023311347,-0.02710347,-0.007433258,-0.03056167,-0.015619637,0.0064187776,0.23901458,0.036987137,0.0,0.0,0.0,0.0,0.0,0.0,0.0,0.0,0.0,0.0,0.0,0.0,0.0,0.0,0.0,0.0,0.0,0.0,0.0,0.0,0.0,0.0,0.0,0.0,0.0,0.0,0.0,0.0,0.0,0.0,0.0,0.0,0.0,0.0,0.0,0.0,0.0,0.0,0.0,0.0,0.0,0.0,0.0,0.0,0.18189925,0.049849164,0.036381543,0.08993746,-0.035203367,0.038506918,-0.06375046,-0.0056393407,0.004572357,0.07819936,0.010456683,0.0048271962,-0.021103555,0.049236216,0.032122944,-0.0008314359,0.02193334,-0.062262356,0.065303534,-0.034289174,0.0,0.0,0.0,0.0,0.0,0.0,0.0,0.0,0.0,0.0,0.0,0.0,0.0,0.0,0.0,0.0,0.0,0.0,0.0,0.0,0.0,0.0,0.0,0.0,0.0,0.0,0.0,0.0,0.0,0.0,0.0,0.0,0.0,0.0,0.0,0.0,0.0,0.0,0.0,0.0,0.0,0.0,0.0,0.0,-0.06625352,-0.026738945,-0.016625863,0.20630272,-0.041887492,-0.05021108,-0.016625863,-0.029453132,-0.061451275,0.3107135,-0.04711193,-0.07762156,0.20630272,-0.10315136,0.10315136,0.12696812,0.058770202,0.07694472,0.5,1,137.0,1.0,0.2
f03aa6d63a6fc2477cbd9a34,000008.SZ,神州高铁,2024-06-30,0.012795686,-0.2180143,0.080694646,0.23374955,-0.08105616,0.27070388,-0.009936185,-0.17984447,0.35113463,-0.055525307,-0.20066543,0.064937815,0.112302035,0.06856468,0.041328225,-0.41834763,-0.19781129,0.0028774359,-0.007000609,-0.0014615179,0.0,0.0,0.0,0.0,0.0,0.0,0.0,0.0,0.0,0.0,0.0,0.0,0.0,0.0,0.0,0.0,0.0,0.0,0.0,0.0,0.0,0.0,0.0,0.0,0.0,0.0,0.0,0.0,0.0,0.0,0.0,0.0,0.0,0.0,0.0,0.0,0.0,0.0,0.0,0.0,0.0,0.0,0.0,0.0,0.19497417,-0.019461922,-0.08919441,-0.018590694,0.05484412,-0.038134314,-0.20429586,0.1572901,0.12778573,0.16460668,-0.009676124,-0.07830926,0.009454124,-0.011771439,-0.05268135,-0.07625316,0.016468776,-0.04096472,-0.046974335,-0.075887516,0.0,0.0,0.0,0.0,0.0,0.0,0.0,0.0,0.0,0.0,0.0,0.0,0.0,0.0,0.0,0.0,0.0,0.0,0.0,0.0,0.0,0.0,0.0,0.0,0.0,0.0,0.0,0.0,0.0,0.0,0.0,0.0,0.0,0.0,0.0,0.0,0.0,0.0,0.0,0.0,0.0,0.0,0.0,0.0,-0.10549518,-0.032982115,-0.032982115,-0.047921903,0.15893894,-0.083003156,-0.032982115,0.28753138,-0.13004097,-0.032982115,-0.11738419,0.14376569,-0.047921903,0.023960955,-0.023960952,-0.017090516,-0.02260611,-0.023445599,0.019821916,-0.15595733,0.04771899,0.18358356,-0.03678578,0.1894332,0.013231631,-0.13224795,0.30010617,-0.00046274066,-0.13271187,0.0408492,0.06629104,0.08494553,0.026652759,-0.27970606,-0.13048092,0.018066572,-0.0080693625,0.00247134,0.0,0.0,0.0,0.0,0.0,0.0,0.0,0.0,0.0,0.0,0.0,0.0,0.0,0.0,0.0,0.0,0.0,0.0,0.0,0.0,0.0,0.0,0.0,0.0,0.0,0.0,0.0,0.0,0.0,0.0,0.0,0.0,0.0,0.0,0.0,0.0,0.0,0.0,0.0,0.0,0.0,0.0,0.0,0.0,0.19151045,-8.410029e-05,-0.053793997,0.0019816747,0.06099765,-0.025466086,-0.14100493,0.12306655,0.10119005,0.11872271,-0.0064139334,-0.055316605,0.009164753,-0.0040031928,-0.041264996,-0.05544235,0.0083033275,-0.03343101,-0.023290735,-0.049517594,0.0,0.0,0.0,0.0,0.0,0.0,0.0,0.0,0.0,0.0,0.0,0.0,0.0,0.0,0.0,0.0,0.0,0.0,0.0,0.0,0.0,0.0,0.0,0.0,0.0,0.0,0.0,0.0,0.0,0.0,0.0,0.0,0.0,0.0,0.0,0.0,0.0,0.0,0.0,0.0,0.0,0.0,0.0,0.0,-0.06426702,-0.00854521,-0.0031166356,-0.034805294,0.08771294,-0.052434377,-0.0031166356,0.18670799,-0.08897791,-0.032270722,-0.08162357,0.0977657,-0.02965209,0.023444142,-0.023444138,-0.020835146,-0.02211852,-0.022939902,1.0,0,70.0,0.0,0.0
1c905394b642b4e24793dbd8,000009.SZ,中国宝安,2024-06-30,4.5753867e-14,-0.1418729,-0.05496565,0.0051109176,0.07275064,-0.15072267,-0.15731806,-0.058724187,0.48967278,0.04327339,0.01186879,0.23453657,0.24823232,0.10018165,0.0136630135,0.1936804,0.13268651,0.29400107,0.19407581,9.513187e-16,0.0,0.0,0.0,0.0,0.0,0.0,0.0,0.0,0.0,0.0,0.0,0.0,0.0,0.0,0.0,0.0,0.0,0.0,0.0,0.0,0.0,0.0,0.0,0.0,0.0,0.0,0.0,0.0,0.0,0.0,0.0,0.0,0.0,0.0,0.0,0.0,0.0,0.0,0.0,0.0,0.0,0.0,0.0,0.0,0.2480865,-0.035879727,-0.008141285,0.039294172,0.057662036,-0.072579555,0.007551479,0.11403112,0.042808384,0.13241684,-0.07773592,0.029015297,-0.05247955,-0.17039832,-0.04905001,0.048130024,0.09671315,-0.10096737,-0.10397647,0.08601412,0.0,0.0,0.0,0.0,0.0,0.0,0.0,0.0,0.0,0.0,0.0,0.0,0.0,0.0,0.0,0.0,0.0,0.0,0.0,0.0,0.0,0.0,0.0,0.0,0.0,0.0,0.0,0.0,0.0,0.0,0.0,0.0,0.0,0.0,0.0,0.0,0.0,0.0,0.0,0.0,0.0,0.0,0.0,0.0,0.19623597,-0.03303537,-0.03303537,-0.04799929,-0.13025096,0.2494116,-0.03303537,-0.071998924,-0.13025096,-0.03303537,-0.11757374,0.14399785,-0.04799929,0.023999646,-0.023999644,0.02363933,-0.022642614,-0.023483459,0.047758188,-0.113529645,-0.03503492,0.04430885,0.08622283,-0.098433934,-0.08941388,-0.021477807,0.35724542,0.039260842,0.027134415,0.16861181,0.19739284,0.08417041,0.025670368,0.12999268,0.090668656,0.20543185,0.14241537,0.0116784945,0.0,0.0,0.0,0.0,0.0,0.0,0.0,0.0,0.0,0.0,0.0,0.0,0.0,0.0,0.0,0.0,0.0,0.0,0.0,0.0,0.0,0.0,0.0,0.0,0.0,0.0,0.0,0.0,0.0,0.0,0.0,0.0,0.0,0.0,0.0,0.0,0.0,0.0,0.0,0.0,0.0,0.0,0.0,0.0,0.22256267,-0.0100932075,-0.002572329,0.035019282,0.04789982,-0.05483772,-0.0061370945,0.0957818,0.041254662,0.11290626,-0.060420856,0.036891498,-0.040115718,-0.11113432,-0.03287637,0.021745162,0.06984453,-0.06900971,-0.069043085,0.05026214,0.0,0.0,0.0,0.0,0.0,0.0,0.0,0.0,0.0,0.0,0.0,0.0,0.0,0.0,0.0,0.0,0.0,0.0,0.0,0.0,0.0,0.0,0.0,0.0,0.0,0.0,0.0,0.0,0.0,0.0,0.0,0.0,0.0,0.0,0.0,0.0,0.0,0.0,0.0,0.0,0.0,0.0,0.0,0.0,0.13134246,-0.010734112,-0.032356612,-0.031577963,-0.088004276,0.1772472,-0.032356612,-0.032956593,-0.108733565,-0.011110266,-0.09068479,0.09837434,-0.015869582,0.013061512,-0.013061511,0.021542352,-0.0138922725,-0.013757133,1.0,0,80.0,0.0,0.0
8951c0aca9ea44f6e3e115d3,000010.SZ,美丽生态,2024-06-30,0.70986795,-0.007381488,-0.008133046,-3.8626363e-15,4.0902992e-15,-9.64042e-16,-6.071739e-14,-7.093517e-15,1.342122e-15,1.7241587e-16,8.1049094e-16,-4.1452604e-16,1.235639e-15,-8.423846e-15,6.847508e-16,0.00013507051,-0.00032362205,0.0042685005,-0.23999657,0.22830917,0.0,0.0,0.0,0.0,0.0,0.0,0.0,0.0,0.0,0.0,0.0,0.0,0.0,0.0,0.0,0.0,0.0,0.0,0.0,0.0,0.0,0.0,0.0,0.0,0.0,0.0,0.0,0.0,0.0,0.0,0.0,0.0,0.0,0.0,0.0,0.0,0.0,0.0,0.0,0.0,0.0,0.0,0.0,0.0,0.15680654,-0.021128733,0.046792556,0.051589184,0.16165668,-0.10632025,0.08240081,0.061217513,-0.030231321,0.0475696,-0.03810128,0.102675736,0.07102357,0.0070721,0.10127904,-0.16201778,-0.1283947,0.024221426,0.16556643,-0.059111338,0.0,0.0,0.0,0.0,0.0,0.0,0.0,0.0,0.0,0.0,0.0,0.0,0.0,0.0,0.0,0.0,0.0,0.0,0.0,0.0,0.0,0.0,0.0,0.0,0.0,0.0,0.0,0.0,0.0,0.0,0.0,0.0,0.0,0.0,0.0,0.0,0.0,0.0,0.0,0.0,0.0,0.0,0.0,0.0,-0.10452477,-0.032678723,-0.032678723,-0.04748109,0.15747693,-0.08223964,-0.032678723,0.28488648,-0.12884477,-0.032678723,0.17445663,-0.14244324,-0.04748109,0.023740547,-0.023740545,-0.041123763,-0.022398164,-0.02322993,0.5855199,0.024362782,-0.015664315,0.012236284,0.015345606,0.016157934,0.0024518906,0.013493891,0.0142308595,0.017563563,0.009204786,0.014289302,0.018844318,0.00017243545,0.0036812683,0.005613457,0.012600768,0.03228908,-0.15537055,0.12758464,0.0,0.0,0.0,0.0,0.0,0.0,0.0,0.0,0.0,0.0,0.0,0.0,0.0,0.0,0.0,0.0,0.0,0.0,0.0,0.0,0.0,0.0,0.0,0.0,0.0,0.0,0.0,0.0,0.0,0.0,0.0,0.0,0.0,0.0,0.0,0.0,0.0,0.0,0.0,0.0,0.0,0.0,0.0,0.0,0.18432927,0.0010623941,0.04169445,0.056074776,0.114214726,-0.07136798,0.047256038,0.051491026,-1.4457852e-05,0.04502189,-0.018343953,0.071738765,0.04401184,0.022862885,0.077289835,-0.10511475,-0.08716134,0.020242529,0.11929683,-0.03143692,0.0,0.0,0.0,0.0,0.0,0.0,0.0,0.0,0.0,0.0,0.0,0.0,0.0,0.0,0.0,0.0,0.0,0.0,0.0,0.0,0.0,0.0,0.0,0.0,0.0,0.0,0.0,0.0,0.0,0.0,0.0,0.0,0.0,0.0,0.0,0.0,0.0,0.0,0.0,0.0,0.0,0.0,0.0,0.0,-0.09032242,-0.032296076,-0.032296076,-0.0064100306,0.118758455,-0.06903012,-0.032296076,0.19045866,-0.077293776,-0.003673464,0.11483612,-0.0968372,-0.026131269,0.013065638,-0.013065634,-0.018815622,-0.015596535,-0.014819279,1.0,0,64.0,0.0,0.0
73448fc77cdaef5b4bd5edea,000011.SZ,深物业A,2024-06-30,-2.2527141e-14,0.3587827,0.07870977,0.16642007,0.03077239,-0.25664222,0.22738041,0.18137965,0.21406943,0.15532607,-0.22309104,0.20777747,0.044752274,0.045242123,-0.18889154,-0.26677966,0.23629057,-0.10831,0.06076167,-2.2603385e-15,0.0,0.0,0.0,0.0,0.0,0.0,0.0,0.0,0.0,0.0,0.0,0.0,0.0,0.0,0.0,0.0,0.0,0.0,0.0,0.0,0.0,0.0,0.0,0.0,0.0,0.0,0.0,0.0,0.0,0.0,0.0,0.0,0.0,0.0,0.0,0.0,0.0,0.0,0.0,0.0,0.0,0.0,0.0,0.0,0.28266728,0.043317337,0.10110007,-0.0066541564,-0.053813472,-0.036093324,0.057943817,0.022629945,-0.11346832,0.14188255,0.035596598,0.053674277,0.04084101,0.06706479,0.020659456,-0.10086932,0.1470353,-0.14125483,-0.0074839466,-0.020724397,0.0,0.0,0.0,0.0,0.0,0.0,0.0,0.0,0.0,0.0,0.0,0.0,0.0,0.0,0.0,0.0,0.0,0.0,0.0,0.0,0.0,0.0,0.0,0.0,0.0,0.0,0.0,0.0,0.0,0.0,0.0,0.0,0.0,0.0,0.0,0.0,0.0,0.0,0.0,0.0,0.0,0.0,0.0,0.0,-0.10831369,-0.033863295,-0.033863295,-0.04920223,0.16318531,-0.08522075,-0.033863295,-0.073803335,0.16318531,-0.033863295,0.1807805,-0.14760667,-0.04920223,0.024601119,-0.024601115,-0.030080792,-0.023210077,-0.024071993,0.012023793,0.28848156,0.054184947,0.1390768,0.054520823,-0.17016332,0.18663323,0.15776229,0.17502582,0.14168498,-0.14073461,0.15417716,0.062441416,0.0473395,-0.13432066,-0.17759946,0.18650493,-0.054496333,0.049601607,0.0019141893,0.0,0.0,0.0,0.0,0.0,0.0,0.0,0.0,0.0,0.0,0.0,0.0,0.0,0.0,0.0,0.0,0.0,0.0,0.0,0.0,0.0,0.0,0.0,0.0,0.0,0.0,0.0,0.0,0.0,0.0,0.0,0.0,0.0,0.0,0.0,0.0,0.0,0.0,0.0,0.0,0.0,0.0,0.0,0.0,0.25778392,0.05003472,0.07951005,-0.00030348683,-0.04173138,-0.011296498,0.042285405,0.016459903,-0.07989648,0.10711503,0.03392626,0.039925124,0.016082037,0.06310021,0.023614328,-0.057457916,0.10855507,-0.09150418,0.0122452825,-0.018945294,0.0,0.0,0.0,0.0,0.0,0.0,0.0,0.0,0.0,0.0,0.0,0.0,0.0,0.0,0.0,0.0,0.0,0.0,0.0,0.0,0.0,0.0,0.0,0.0,0.0,0.0,0.0,0.0,0.0,0.0,0.0,0.0,0.0,0.0,0.0,0.0,0.0,0.0,0.0,0.0,0.0,0.0,0.0,0.0,-0.07648056,-0.021920385,-0.0066345166,-0.01899743,0.097290725,-0.051251967,-0.0066345166,-0.0671743,0.11037027,-0.020188978,0.12129812,-0.10049236,-0.030591749,0.016400982,-0.01640098,-0.019098207,-0.016018929,-0.01638757,1.0,0,67.0,0.0,0.0
7fff06a537b980155f908aee,000012.SZ,南玻Ａ,2024-06-15,2.9648457e-14,-0.08882102,0.028121438,-0.27686906,-0.10572437,0.08291639,0.017301245,-0.08220663,0.3122743,0.1422479,0.11650865,0.07225439,-0.586339,-0.0078120856,0.043460857,-0.040048078,0.14454783,-0.10754874,-0.02475707,2.2173438e-15,0.0,0.0,0.0,0.0,0.0,0.0,0.0,0.0,0.0,0.0,0.0,0.0,0.0,0.0,0.0,0.0,0.0,0.0,0.0,0.0,0.0,0.0,0.0,0.0,0.0,0.0,0.0,0.0,0.0,0.0,0.0,0.0,0.0,0.0,0.0,0.0,0.0,0.0,0.0,0.0,0.0,0.0,0.0,0.0,0.1594929,-0.041565467,0.022291373,-0.029288936,0.2532202,-0.06094304,-0.06299702,0.07388588,-0.03776006,0.07891147,0.10536653,0.04790461,0.010234219,0.042999804,-0.104620546,-0.014666464,-0.027929202,-0.071731195,0.19858654,-0.036867805,0.0,0.0,0.0,0.0,0.0,0.0,0.0,0.0,0.0,0.0,0.0,0.0,0.0,0.0,0.0,0.0,0.0,0.0,0.0,0.0,0.0,0.0,0.0,0.0,0.0,0.0,0.0,0.0,0.0,0.0,0.0,0.0,0.0,0.0,0.0,0.0,0.0,0.0,0.0,0.0,0.0,0.0,0.0,0.0,0.19626206,-0.033039764,-0.033039764,-0.04800567,-0.13026828,0.24944475,-0.033039764,-0.0720085,-0.13026828,-0.033039764,-0.11758938,0.144017,-0.04800567,0.024002839,-0.024002835,-0.01712039,-0.022645624,-0.02348658,0.012239251,-0.048174452,0.055008993,-0.15741023,-0.06346634,0.0885651,0.03360296,-0.050475407,0.24985024,0.13422184,0.06741218,0.0403114,-0.38885802,-0.0012988937,0.041117527,-0.044394404,0.113383815,-0.056805003,-0.015413538,0.002065076,0.0,0.0,0.0,0.0,0.0,0.0,0.0,0.0,0.0,0.0,0.0,0.0,0.0,0.0,0.0,0.0,0.0,0.0,0.0,0.0,0.0,0.0,0.0,0.0,0.0,0.0,0.0,0.0,0.0,0.0,0.0,0.0,0.0,0.0,0.0,0.0,0.0,0.0,0.0,0.0,0.0,0.0,0.0,0.0,0.16363576,-0.014828166,0.020390382,-0.016931683,0.17741895,-0.045360267,-0.051745523,0.06585462,0.003981311,0.065691344,0.08142102,0.02789094,0.018103616,0.035669766,-0.06635075,-0.015301362,-0.011103223,-0.053194918,0.14894697,-0.026476167,0.0,0.0,0.0,0.0,0.0,0.0,0.0,0.0,0.0,0.0,0.0,0.0,0.0,0.0,0.0,0.0,0.0,0.0,0.0,0.0,0.0,0.0,0.0,0.0,0.0,0.0,0.0,0.0,0.0,0.0,0.0,0.0,0.0,0.0,0.0,0.0,0.0,0.0,0.0,0.0,0.0,0.0,0.0,0.0,0.13675585,-0.026699664,-0.032745823,-0.038650807,-0.08176446,0.16267447,-0.032745823,-0.028120846,-0.09567263,-0.020456783,-0.084226154,0.10307947,-0.034258373,0.015953915,-0.015953913,-0.012248783,-0.015395362,-0.015824553,1.0,0,70.0,0.0,0.0
c4000ab4c04b96032aae4c38,000014.SZ,沙河股份,2024-06-30,-1.5143685e-14,0.42558715,-0.2747396,0.1533715,0.09348048,0.14552882,-0.0024354325,0.16756272,-0.023173457,0.07315541,0.012109071,0.17312293,0.016996183,0.2601562,-0.035534292,0.16447128,0.1372829,0.25453672,0.021720663,3.0383548e-15,0.0,0.0,0.0,0.0,0.0,0.0,0.0,0.0,0.0,0.0,0.0,0.0,0.0,0.0,0.0,0.0,0.0,0.0,0.0,0.0,0.0,0.0,0.0,0.0,0.0,0.0,0.0,0.0,0.0,0.0,0.0,0.0,0.0,0.0,0.0,0.0,0.0,0.0,0.0,0.0,0.0,0.0,0.0,0.0,0.29545823,0.039841246,-0.010917716,0.06679293,0.05951532,0.067457445,-0.017153015,-0.0024019694,0.031052044,0.035352204,-0.01692412,-0.0069463565,-0.065291494,0.1285589,0.0755605,0.06364368,0.10992925,0.09694744,-0.049626637,0.07798965,0.0,0.0,0.0,0.0,0.0,0.0,0.0,0.0,0.0,0.0,0.0,0.0,0.0,0.0,0.0,0.0,0.0,0.0,0.0,0.0,0.0,0.0,0.0,0.0,0.0,0.0,0.0,0.0,0.0,0.0,0.0,0.0,0.0,0.0,0.0,0.0,0.0,0.0,0.0,0.0,0.0,0.0,0.0,0.0,-0.09935189,-0.03106147,-0.03106147,0.40618142,-0.12246831,-0.078169644,-0.03106147,-0.0676969,0.14968348,-0.03106147,0.16582286,-0.1353938,-0.045131274,0.02256564,-0.022565637,-0.06208185,-0.021289691,-0.022080295,0.041276515,0.3420866,-0.20255297,0.1432865,0.08938131,0.112101,0.029327277,0.14220719,0.001983028,0.091486946,0.009416793,0.11493235,0.037497673,0.169615,-0.029910624,0.11768331,0.109505095,0.18557607,-0.00305627,0.0012961396,0.0,0.0,0.0,0.0,0.0,0.0,0.0,0.0,0.0,0.0,0.0,0.0,0.0,0.0,0.0,0.0,0.0,0.0,0.0,0.0,0.0,0.0,0.0,0.0,0.0,0.0,0.0,0.0,0.0,0.0,0.0,0.0,0.0,0.0,0.0,0.0,0.0,0.0,0.0,0.0,0.0,0.0,0.0,0.0,0.26763186,0.03357222,0.00860863,0.05315021,0.04744771,0.036809564,-0.0060527055,0.0074004536,0.039508194,0.03645203,0.00066943374,0.0038963002,-0.042871814,0.08993177,0.060151134,0.047726635,0.068085745,0.06577466,-0.022828653,0.051455062,0.0,0.0,0.0,0.0,0.0,0.0,0.0,0.0,0.0,0.0,0.0,0.0,0.0,0.0,0.0,0.0,0.0,0.0,0.0,0.0,0.0,0.0,0.0,0.0,0.0,0.0,0.0,0.0,0.0,0.0,0.0,0.0,0.0,0.0,0.0,0.0,0.0,0.0,0.0,0.0,0.0,0.0,0.0,0.0,-0.0881484,-0.025953325,-0.025117911,0.2699781,-0.055917498,-0.07105288,-0.025117911,-0.04062301,0.11936119,-0.031618617,0.13484325,-0.107023835,-0.04182505,0.022970397,-0.022970395,-0.050131068,-0.021671562,-0.022476345,1.0,0,58.0,0.0,0.0
cee56bdafbd718ee6c9d66ef,000016.SZ,深康佳Ａ,2024-06-30,2.3519833e-14,-0.19420396,-0.13456772,0.20876488,0.31510672,-0.15156515,0.032146215,0.16962133,0.03331799,0.10918908,0.013891819,-0.07453448,0.10943988,0.28049868,0.08598816,0.12829456,0.02325239,-0.13934888,-0.107559115,4.866762e-16,0.0,0.0,0.0,0.0,0.0,0.0,0.0,0.0,0.0,0.0,0.0,0.0,0.0,0.0,0.0,0.0,0.0,0.0,0.0,0.0,0.0,0.0,0.0,0.0,0.0,0.0,0.0,0.0,0.0,0.0,0.0,0.0,0.0,0.0,0.0,0.0,0.0,0.0,0.0,0.0,0.0,0.0,0.0,0.0,0.07014923,0.13015279,0.019508602,0.116915084,0.05846938,0.1896702,-0.0045483806,0.007659166,0.113797136,0.012546426,-0.114749864,0.022110889,-0.04301656,0.0047451076,-0.02658681,-0.06114051,-0.020033823,0.110146716,-0.03955455,0.035959285,0.0,0.0,0.0,0.0,0.0,0.0,0.0,0.0,0.0,0.0,0.0,0.0,0.0,0.0,0.0,0.0,0.0,0.0,0.0,0.0,0.0,0.0,0.0,0.0,0.0,0.0,0.0,0.0,0.0,0.0,0.0,0.0,0.0,0.0,0.0,0.0,0.0,0.0,0.0,0.0,0.0,0.0,0.0,0.0,-0.08608247,0.5113452,-0.026912905,-0.03910355,-0.10611146,-0.067729324,-0.026912905,-0.058655314,0.12969178,-0.026912905,-0.095783725,-0.11731063,0.3519319,0.019551776,-0.019551774,-0.05379021,-0.018446244,-0.019131254,0.001730088,-0.10684084,-0.08184439,0.20901778,0.27057105,-0.095807515,0.050166257,0.13206622,0.03902237,0.11335855,0.009027296,-0.051079687,0.09160429,0.21116225,0.06206982,0.1275408,0.026765142,-0.10918151,-0.067897,0.0016198069,0.0,0.0,0.0,0.0,0.0,0.0,0.0,0.0,0.0,0.0,0.0,0.0,0.0,0.0,0.0,0.0,0.0,0.0,0.0,0.0,0.0,0.0,0.0,0.0,0.0,0.0,0.0,0.0,0.0,0.0,0.0,0.0,0.0,0.0,0.0,0.0,0.0,0.0,0.0,0.0,0.0,0.0,0.0,0.0,0.11378201,0.090238534,0.0041657984,0.08364118,0.041190997,0.12302279,-0.002916176,0.018654961,0.098875776,0.028525706,-0.08799006,0.035104692,-0.035519004,0.014241724,-0.011730226,-0.039583888,-0.0075767348,0.08466686,-0.033249423,0.016791793,0.0,0.0,0.0,0.0,0.0,0.0,0.0,0.0,0.0,0.0,0.0,0.0,0.0,0.0,0.0,0.0,0.0,0.0,0.0,0.0,0.0,0.0,0.0,0.0,0.0,0.0,0.0,0.0,0.0,0.0,0.0,0.0,0.0,0.0,0.0,0.0,0.0,0.0,0.0,0.0,0.0,0.0,0.0,0.0,-0.037268586,0.3480344,-0.02874625,-0.035402834,-0.08279584,-0.036748603,-0.02874625,-0.04562019,0.093852215,-0.02874625,-0.075900525,-0.06480746,0.23195748,0.016475717,-0.016475715,-0.04040412,-0.014157878,-0.015258723,1.0,0,58.0,0.0,0.0
01d4957b819702b93ff9fc8f,000017.SZ,深中华A,2024-06-30,8.568528e-14,0.045634825,0.12743598,0.3456004,0.31832835,-0.15031086,0.32146978,0.2627534,-0.11018899,-0.069892645,0.306947,-0.07462672,0.11830241,0.044671897,0.15547323,0.12228563,0.07490706,0.08031974,0.09434015,1.0112487e-14,0.0,0.0,0.0,0.0,0.0,0.0,0.0,0.0,0.0,0.0,0.0,0.0,0.0,0.0,0.0,0.0,0.0,0.0,0.0,0.0,0.0,0.0,0.0,0.0,0.0,0.0,0.0,0.0,0.0,0.0,0.0,0.0,0.0,0.0,0.0,0.0,0.0,0.0,0.0,0.0,0.0,0.0,0.0,0.0,0.17011122,0.07671979,-0.040304482,-0.05117051,-0.04554153,-0.032680098,0.033742502,0.030121373,-0.011349782,0.10911404,-0.056043375,0.32157785,-0.062576436,0.046845336,0.016484352,-0.03412861,0.073978975,0.09676872,-0.028854396,0.02180202,0.0,0.0,0.0,0.0,0.0,0.0,0.0,0.0,0.0,0.0,0.0,0.0,0.0,0.0,0.0,0.0,0.0,0.0,0.0,0.0,0.0,0.0,0.0,0.0,0.0,0.0,0.0,0.0,0.0,0.0,0.0,0.0,0.0,0.0,0.0,0.0,0.0,0.0,0.0,0.0,0.0,0.0,0.0,0.0,0.19619165,-0.03302791,-0.03302791,-0.04798845,-0.13022155,0.24935527,-0.03302791,-0.07198266,-0.13022155,-0.03302791,-0.117547184,0.14396532,-0.04798845,0.023994226,-0.023994224,0.03178364,-0.022637501,-0.023478154,0.014949058,0.06273072,0.07301037,0.29173693,0.2696669,-0.1083828,0.24898812,0.19281776,-0.036229443,-0.008137517,0.2140685,-0.04662099,0.11931175,0.041339763,0.107723765,0.10223549,0.066043116,0.06581353,0.06588337,-0.0022401116,0.0,0.0,0.0,0.0,0.0,0.0,0.0,0.0,0.0,0.0,0.0,0.0,0.0,0.0,0.0,0.0,0.0,0.0,0.0,0.0,0.0,0.0,0.0,0.0,0.0,0.0,0.0,0.0,0.0,0.0,0.0,0.0,0.0,0.0,0.0,0.0,0.0,0.0,0.0,0.0,0.0,0.0,0.0,0.0,0.18047243,0.06914731,-0.019253569,-0.017351938,-0.026269699,-0.015393345,0.02393976,0.026110802,0.010244944,0.090057194,-0.03785079,0.23574704,-0.04722194,0.035969563,0.021295661,-0.018414129,0.055800684,0.07009813,-0.023234505,0.023170091,0.0,0.0,0.0,0.0,0.0,0.0,0.0,0.0,0.0,0.0,0.0,0.0,0.0,0.0,0.0,0.0,0.0,0.0,0.0,0.0,0.0,0.0,0.0,0.0,0.0,0.0,0.0,0.0,0.0,0.0,0.0,0.0,0.0,0.0,0.0,0.0,0.0,0.0,0.0,0.0,0.0,0.0,0.0,0.0,0.13082533,-0.00018882938,-0.016943822,-0.035720456,-0.096382335,0.16132665,-0.016943822,-0.06380867,-0.07073519,-0.025005791,-0.082211964,0.09153303,-0.018303473,0.020841828,-0.020841828,0.018442357,-0.020504769,-0.020917155,1.0,0,82.0,0.0,0.0
0425a3501cc2040d1d44f3ee,000019.SZ,深粮控股,2024-06-30,0.015140803,0.2467549,0.12587744,0.3741881,0.3997903,0.112057,0.14773145,-0.2615966,0.092422254,0.23141168,-0.149765,-0.031875167,0.079233535,-0.022984361,0.016161192,0.2549693,0.015658714,-0.13822392,-0.027818874,0.023392497,0.0,0.0,0.0,0.0,0.0,0.0,0.0,0.0,0.0,0.0,0.0,0.0,0.0,0.0,0.0,0.0,0.0,0.0,0.0,0.0,0.0,0.0,0.0,0.0,0.0,0.0,0.0,0.0,0.0,0.0,0.0,0.0,0.0,0.0,0.0,0.0,0.0,0.0,0.0,0.0,0.0,0.0,0.0,0.0,0.27355537,-0.024180632,-0.1421087,0.06716996,-0.012623113,0.016971843,-0.008106551,0.0012950579,0.14765818,0.04244183,-0.043116428,0.12280846,0.016646437,0.10960534,0.1637183,0.026680274,0.0188232,0.10699202,-0.054204956,0.0036259505,0.0,0.0,0.0,0.0,0.0,0.0,0.0,0.0,0.0,0.0,0.0,0.0,0.0,0.0,0.0,0.0,0.0,0.0,0.0,0.0,0.0,0.0,0.0,0.0,0.0,0.0,0.0,0.0,0.0,0.0,0.0,0.0,0.0,0.0,0.0,0.0,0.0,0.0,0.0,0.0,0.0,0.0,0.0,0.0,0.20097601,-0.033833336,-0.033833336,-0.049158704,-0.13339715,-0.085145354,-0.033833336,-0.073738046,0.16304095,-0.033833336,-0.12041371,0.14747609,-0.049158704,0.024579355,-0.024579352,-0.030054182,-0.023189543,-0.024050698,0.03128458,0.18475229,0.069514334,0.31241155,0.31489798,0.07653568,0.13568789,-0.16407678,0.076161616,0.20117566,-0.08638145,-0.047956206,0.059301518,0.01431953,0.009401735,0.20265828,0.01788086,-0.10353665,-0.028358124,0.0082327025,0.0,0.0,0.0,0.0,0.0,0.0,0.0,0.0,0.0,0.0,0.0,0.0,0.0,0.0,0.0,0.0,0.0,0.0,0.0,0.0,0.0,0.0,0.0,0.0,0.0,0.0,0.0,0.0,0.0,0.0,0.0,0.0,0.0,0.0,0.0,0.0,0.0,0.0,0.0,0.0,0.0,0.0,0.0,0.0,0.24773902,-0.0032035662,-0.09320022,0.06038724,-0.0016510035,0.017029375,0.002904917,0.009837663,0.12246128,0.0350809,-0.03455413,0.09331495,0.011812439,0.084383026,0.11337203,0.019320203,0.0010138741,0.08205196,-0.032148372,0.0041380012,0.0,0.0,0.0,0.0,0.0,0.0,0.0,0.0,0.0,0.0,0.0,0.0,0.0,0.0,0.0,0.0,0.0,0.0,0.0,0.0,0.0,0.0,0.0,0.0,0.0,0.0,0.0,0.0,0.0,0.0,0.0,0.0,0.0,0.0,0.0,0.0,0.0,0.0,0.0,0.0,0.0,0.0,0.0,0.0,0.1324582,-0.00053386576,-0.011138215,-0.03923982,-0.09821778,-0.06722774,-0.011138215,-0.064299285,0.12949647,-0.03287977,-0.07736528,0.090366855,-0.02427445,0.020344283,-0.020344278,-0.027833477,-0.018079927,-0.019213485,1.0,0,67.0,0.0,0.0
d816eeb452973f29dbef96b8,000020.SZ,深华发Ａ,2024-06-30,0.011385909,0.11730778,0.42610544,-0.22169036,0.3354839,0.0595044,-0.027415028,0.027172321,0.024408717,0.059647348,0.035863277,-0.03506941,0.08392298,0.040125683,0.0041668606,-0.21868037,0.43157336,0.12242487,0.021582203,-0.0013489587,0.0,0.0,0.0,0.0,0.0,0.0,0.0,0.0,0.0,0.0,0.0,0.0,0.0,0.0,0.0,0.0,0.0,0.0,0.0,0.0,0.0,0.0,0.0,0.0,0.0,0.0,0.0,0.0,0.0,0.0,0.0,0.0,0.0,0.0,0.0,0.0,0.0,0.0,0.0,0.0,0.0,0.0,0.0,0.0,0.18177614,0.12788387,-0.03565223,-0.11774781,-0.15021451,0.09737447,-0.006837684,0.113016665,0.017056784,-0.09025815,0.12235708,-0.011121328,0.032221306,0.10586594,0.0863108,-0.05734963,0.058392998,0.01685774,0.16288635,-0.020523394,0.0,0.0,0.0,0.0,0.0,0.0,0.0,0.0,0.0,0.0,0.0,0.0,0.0,0.0,0.0,0.0,0.0,0.0,0.0,0.0,0.0,0.0,0.0,0.0,0.0,0.0,0.0,0.0,0.0,0.0,0.0,0.0,0.0,0.0,0.0,0.0,0.0,0.0,0.0,0.0,0.0,0.0,0.0,0.0,0.19620632,-0.03303038,-0.03303038,-0.047992036,-0.13023128,0.2493739,-0.03303038,-0.07198804,-0.13023128,-0.03303038,-0.11755597,0.14397608,-0.047992036,0.02399602,-0.023996018,-0.029340914,-0.022639193,-0.023479909,0.03909626,0.12789392,0.30719522,-0.13997172,0.23102644,0.040696424,-0.0030034427,0.06777485,0.03781242,0.08433057,0.0140876705,-0.0074615013,0.04279526,0.03445677,-0.011209788,-0.14788516,0.33049777,0.07919331,0.008395347,-0.0006455792,0.0,0.0,0.0,0.0,0.0,0.0,0.0,0.0,0.0,0.0,0.0,0.0,0.0,0.0,0.0,0.0,0.0,0.0,0.0,0.0,0.0,0.0,0.0,0.0,0.0,0.0,0.0,0.0,0.0,0.0,0.0,0.0,0.0,0.0,0.0,0.0,0.0,0.0,0.0,0.0,0.0,0.0,0.0,0.0,0.18831694,0.09360786,-0.0031682365,-0.079163454,-0.09004935,0.051242135,0.0031109685,0.08937751,0.014539561,-0.04460444,0.09562586,-0.002274922,0.025127757,0.084263705,0.060002476,-0.04623558,0.048322555,0.0017044405,0.12965436,-0.021671703,0.0,0.0,0.0,0.0,0.0,0.0,0.0,0.0,0.0,0.0,0.0,0.0,0.0,0.0,0.0,0.0,0.0,0.0,0.0,0.0,0.0,0.0,0.0,0.0,0.0,0.0,0.0,0.0,0.0,0.0,0.0,0.0,0.0,0.0,0.0,0.0,0.0,0.0,0.0,0.0,0.0,0.0,0.0,0.0,0.12779412,-0.033002395,-0.033002395,-0.040190425,-0.069370486,0.17398871,-0.033002395,-0.042052403,-0.08871058,-0.033002395,-0.05564255,0.08328916,-0.047951374,0.019399215,-0.019399213,-0.025377285,-0.016863072,-0.01808636,1.0,0,67.0,0.0,0.0
4ed57bef3ad34c62da495c38,000021.SZ,深科技,2024-06-30,0.009114415,-0.14610161,0.23288585,-0.23649172,0.22937989,0.10652134,-0.17571834,0.39338258,-0.19120115,0.110112466,0.026439376,0.17070182,-0.03702758,0.15299869,0.02721367,0.35973382,-0.11301659,-0.0019229781,0.008982636,-0.0010282254,0.0,0.0,0.0,0.0,0.0,0.0,0.0,0.0,0.0,0.0,0.0,0.0,0.0,0.0,0.0,0.0,0.0,0.0,0.0,0.0,0.0,0.0,0.0,0.0,0.0,0.0,0.0,0.0,0.0,0.0,0.0,0.0,0.0,0.0,0.0,0.0,0.0,0.0,0.0,0.0,0.0,0.0,0.0,0.0,0.10017906,0.08737553,0.11989396,-0.0013119376,0.050244477,-0.10686601,-0.09612158,0.07696656,0.021546928,-0.13399842,0.040324252,-0.084564246,-0.15229438,0.12607034,-0.1034098,0.04410076,0.076389804,0.022756541,-0.0452586,-0.19547884,0.0,0.0,0.0,0.0,0.0,0.0,0.0,0.0,0.0,0.0,0.0,0.0,0.0,0.0,0.0,0.0,0.0,0.0,0.0,0.0,0.0,0.0,0.0,0.0,0.0,0.0,0.0,0.0,0.0,0.0,0.0,0.0,0.0,0.0,0.0,0.0,0.0,0.0,0.0,0.0,0.0,0.0,0.0,0.0,0.19627413,-0.033041794,-0.033041794,-0.04800862,-0.13027628,0.24946009,-0.033041794,-0.07201292,-0.13027628,-0.033041794,-0.117596604,0.14402585,-0.04800862,0.024004314,-0.02400431,-0.013044907,-0.022647018,-0.023488024,0.035177596,-0.08607823,0.16757196,-0.14190178,0.19756691,0.062262796,-0.099170305,0.29645205,-0.09971319,0.10850923,0.011317324,0.12420541,0.00045092963,0.14383404,0.017060915,0.2532934,-0.052269466,0.012869163,-0.0029671765,-0.005145432,0.0,0.0,0.0,0.0,0.0,0.0,0.0,0.0,0.0,0.0,0.0,0.0,0.0,0.0,0.0,0.0,0.0,0.0,0.0,0.0,0.0,0.0,0.0,0.0,0.0,0.0,0.0,0.0,0.0,0.0,0.0,0.0,0.0,0.0,0.0,0.0,0.0,0.0,0.0,0.0,0.0,0.0,0.0,0.0,0.1293588,0.08281349,0.09137201,0.010408718,0.036623657,-0.058398478,-0.06137814,0.061493866,0.024820562,-0.089077815,0.025704077,-0.060474213,-0.10854919,0.10101698,-0.067274086,0.026079617,0.058397144,0.022011615,-0.023106057,-0.13326153,0.0,0.0,0.0,0.0,0.0,0.0,0.0,0.0,0.0,0.0,0.0,0.0,0.0,0.0,0.0,0.0,0.0,0.0,0.0,0.0,0.0,0.0,0.0,0.0,0.0,0.0,0.0,0.0,0.0,0.0,0.0,0.0,0.0,0.0,0.0,0.0,0.0,0.0,0.0,0.0,0.0,0.0,0.0,0.0,0.13334961,0.0017747078,-0.018346658,-0.03382354,-0.10019197,0.17140584,-0.018346658,-0.06428536,-0.07524418,-0.0324609,-0.08640041,0.098030575,-0.02229301,0.023582302,-0.023582298,-0.016856086,-0.022248868,-0.023075089,1.0,0,71.0,0.0,0.0
2dabeea54e4560da2868e7d6,000025.SZ,特力Ａ,2024-06-15,0.00857188,0.22679713,-0.18482633,0.023347318,-0.02836301,0.09934944,0.35472575,0.22830868,0.2015332,0.20910789,0.029258553,0.10586673,0.4370223,-0.21009101,0.106225014,0.06958244,0.019595424,0.16759408,-0.14245337,0.008040912,0.0,0.0,0.0,0.0,0.0,0.0,0.0,0.0,0.0,0.0,0.0,0.0,0.0,0.0,0.0,0.0,0.0,0.0,0.0,0.0,0.0,0.0,0.0,0.0,0.0,0.0,0.0,0.0,0.0,0.0,0.0,0.0,0.0,0.0,0.0,0.0,0.0,0.0,0.0,0.0,0.0,0.0,0.0,0.0,0.20409186,0.028529353,0.08700221,-0.0432971,-0.052706327,0.08858789,0.052470785,-0.13668741,-0.010883752,0.06116574,0.08106247,-0.08306661,-0.104486614,-0.02700414,0.01398335,0.23996644,-0.028692063,0.061125852,0.1443159,-0.060150106,0.0,0.0,0.0,0.0,0.0,0.0,0.0,0.0,0.0,0.0,0.0,0.0,0.0,0.0,0.0,0.0,0.0,0.0,0.0,0.0,0.0,0.0,0.0,0.0,0.0,0.0,0.0,0.0,0.0,0.0,0.0,0.0,0.0,0.0,0.0,0.0,0.0,0.0,0.0,0.0,0.0,0.0,0.0,0.0,-0.109316014,-0.034176663,-0.034176663,-0.049657542,0.16469541,-0.086009376,-0.034176663,-0.07448631,0.16469541,-0.034176663,-0.121635616,0.14897262,-0.049657542,0.024828775,-0.024828771,0.02867256,-0.02342486,-0.024294753,0.015720531,0.22023225,-0.14341244,0.061420746,-0.018082038,0.09550238,0.27068833,0.20652744,0.15211812,0.19162042,0.039465733,0.07265703,0.3316495,-0.16072604,0.07394013,0.06151028,0.039712697,0.14200473,-0.1009861,0.007888947,0.0,0.0,0.0,0.0,0.0,0.0,0.0,0.0,0.0,0.0,0.0,0.0,0.0,0.0,0.0,0.0,0.0,0.0,0.0,0.0,0.0,0.0,0.0,0.0,0.0,0.0,0.0,0.0,0.0,0.0,0.0,0.0,0.0,0.0,0.0,0.0,0.0,0.0,0.0,0.0,0.0,0.0,0.0,0.0,0.20172366,0.032119233,0.086246595,-0.024061278,-0.029214568,0.044075955,0.04512093,-0.0886942,0.010461345,0.058502857,0.07151097,-0.050371196,-0.06542808,-0.01981403,0.01903595,0.1754482,-0.014595318,0.035800524,0.109432995,-0.035399508,0.0,0.0,0.0,0.0,0.0,0.0,0.0,0.0,0.0,0.0,0.0,0.0,0.0,0.0,0.0,0.0,0.0,0.0,0.0,0.0,0.0,0.0,0.0,0.0,0.0,0.0,0.0,0.0,0.0,0.0,0.0,0.0,0.0,0.0,0.0,0.0,0.0,0.0,0.0,0.0,0.0,0.0,0.0,0.0,-0.10079664,-0.033494234,-0.02740723,-0.03116419,0.14211103,-0.07731213,-0.02740723,-0.03309324,0.11822417,-0.028117578,-0.04261339,0.0686084,-0.044759944,0.013795341,-0.013795337,0.019241923,-0.010929752,-0.012200829,1.0,0,81.0,0.0,0.0
b10893ad8eccee6d9dc0e1d7,000026.SZ,飞亚达,2024-06-30,-7.765243e-14,-0.2925635,0.3419036,0.010238738,-0.090249255,0.051641643,0.34763086,-0.13344802,0.10026114,0.19404423,-0.12285746,-0.22517997,-0.09456535,0.3334575,0.1627558,0.08653529,-0.07222611,0.16936739,-0.06286647,-6.061006e-15,0.0,0.0,0.0,0.0,0.0,0.0,0.0,0.0,0.0,0.0,0.0,0.0,0.0,0.0,0.0,0.0,0.0,0.0,0.0,0.0,0.0,0.0,0.0,0.0,0.0,0.0,0.0,0.0,0.0,0.0,0.0,0.0,0.0,0.0,0.0,0.0,0.0,0.0,0.0,0.0,0.0,0.0,0.0,0.0,0.11240461,0.12514506,-0.011548466,0.024525648,-0.00057076727,0.01909591,0.053088967,0.01823912,0.17285943,-0.17861724,-0.0895578,-0.21985088,0.14832291,0.09904663,-0.07322934,-0.064325735,0.02724766,-0.0054126373,0.049844697,-0.019441608,0.0,0.0,0.0,0.0,0.0,0.0,0.0,0.0,0.0,0.0,0.0,0.0,0.0,0.0,0.0,0.0,0.0,0.0,0.0,0.0,0.0,0.0,0.0,0.0,0.0,0.0,0.0,0.0,0.0,0.0,0.0,0.0,0.0,0.0,0.0,0.0,0.0,0.0,0.0,0.0,0.0,0.0,0.0,0.0,0.20091861,-0.033823673,-0.033823673,-0.049144663,-0.13335904,-0.08512104,-0.033823673,-0.07371698,0.16299438,-0.033823673,-0.12037932,0.14743397,-0.049144663,0.024572335,-0.024572331,-0.038391598,-0.023182921,-0.024043828,0.010791238,-0.18334158,0.23965728,0.04485935,-0.035893112,0.0701046,0.25828296,-0.10529615,0.10573664,0.17725572,-0.088525884,-0.16494457,-0.072348446,0.22707933,0.10998765,0.060934313,-0.055347055,0.11360653,-0.04171426,0.0024294993,0.0,0.0,0.0,0.0,0.0,0.0,0.0,0.0,0.0,0.0,0.0,0.0,0.0,0.0,0.0,0.0,0.0,0.0,0.0,0.0,0.0,0.0,0.0,0.0,0.0,0.0,0.0,0.0,0.0,0.0,0.0,0.0,0.0,0.0,0.0,0.0,0.0,0.0,0.0,0.0,0.0,0.0,0.0,0.0,0.13727762,0.087863,-0.0052209194,0.025015827,0.012967885,0.0012265546,0.02302362,0.029974556,0.14655131,-0.11169303,-0.048921812,-0.14902176,0.1051123,0.07294937,-0.049078066,-0.04037055,0.012866605,-0.010284912,0.040867142,-0.022061752,0.0,0.0,0.0,0.0,0.0,0.0,0.0,0.0,0.0,0.0,0.0,0.0,0.0,0.0,0.0,0.0,0.0,0.0,0.0,0.0,0.0,0.0,0.0,0.0,0.0,0.0,0.0,0.0,0.0,0.0,0.0,0.0,0.0,0.0,0.0,0.0,0.0,0.0,0.0,0.0,0.0,0.0,0.0,0.0,0.14319494,-0.033271346,-0.019886622,-0.040695846,-0.08945917,-0.06472433,-0.019886622,-0.04664587,0.11251685,-0.022746254,-0.08506167,0.107760586,-0.040695846,0.020347927,-0.020347923,-0.030560782,-0.0203997,-0.020658463,1.0,0,65.0,0.0,0.0
4b435def86626774d67aa49b,000027.SZ,深圳能源,2024-06-15,-2.9170625e-14,0.29846415,0.16580753,0.17663787,-0.21583475,0.15092148,-0.00928393,0.41558346,0.01885591,0.16555883,-0.05390677,-0.100119516,0.12454373,-0.20530464,0.07464311,0.06264165,0.01023995,0.3350743,-0.0681989,-1.9173533e-15,0.0,0.0,0.0,0.0,0.0,0.0,0.0,0.0,0.0,0.0,0.0,0.0,0.0,0.0,0.0,0.0,0.0,0.0,0.0,0.0,0.0,0.0,0.0,0.0,0.0,0.0,0.0,0.0,0.0,0.0,0.0,0.0,0.0,0.0,0.0,0.0,0.0,0.0,0.0,0.0,0.0,0.0,0.0,0.0,0.08870889,0.05746877,0.2007233,0.050152436,0.09576332,-0.09023601,0.02391232,-0.020379188,0.19670767,0.064829946,0.14095823,0.062814966,0.033491742,-0.11088924,0.058143616,0.03211598,0.07506641,0.01957841,0.06274961,0.12706244,0.0,0.0,0.0,0.0,0.0,0.0,0.0,0.0,0.0,0.0,0.0,0.0,0.0,0.0,0.0,0.0,0.0,0.0,0.0,0.0,0.0,0.0,0.0,0.0,0.0,0.0,0.0,0.0,0.0,0.0,0.0,0.0,0.0,0.0,0.0,0.0,0.0,0.0,0.0,0.0,0.0,0.0,0.0,0.0,-0.10461323,-0.03270638,-0.03270638,-0.047521275,0.15761021,-0.082309246,-0.03270638,0.2851276,-0.12895381,-0.03270638,0.17460428,-0.1425638,-0.047521275,0.02376064,-0.023760637,-0.0008070187,-0.022417122,-0.023249593,0.028597517,0.24456929,0.09393872,0.13686234,-0.1473065,0.13513558,0.035688363,0.32065573,0.03777037,0.1576281,-0.012867035,-0.061209995,0.11731518,-0.15056007,0.06744487,0.065215945,0.034038424,0.25226295,-0.06361834,0.0032219442,0.0,0.0,0.0,0.0,0.0,0.0,0.0,0.0,0.0,0.0,0.0,0.0,0.0,0.0,0.0,0.0,0.0,0.0,0.0,0.0,0.0,0.0,0.0,0.0,0.0,0.0,0.0,0.0,0.0,0.0,0.0,0.0,0.0,0.0,0.0,0.0,0.0,0.0,0.0,0.0,0.0,0.0,0.0,0.0,0.12400021,0.04825032,0.1498063,0.032157548,0.07190179,-0.06164041,0.027064562,-0.016958129,0.14281629,0.058604747,0.10536743,0.039007865,0.019913884,-0.06864113,0.046082865,0.043151505,0.046960987,0.02085341,0.07211639,0.08183954,0.0,0.0,0.0,0.0,0.0,0.0,0.0,0.0,0.0,0.0,0.0,0.0,0.0,0.0,0.0,0.0,0.0,0.0,0.0,0.0,0.0,0.0,0.0,0.0,0.0,0.0,0.0,0.0,0.0,0.0,0.0,0.0,0.0,0.0,0.0,0.0,0.0,0.0,0.0,0.0,0.0,0.0,0.0,0.0,-0.08251988,-0.032640867,-0.032640867,-0.028529562,0.12491849,-0.06157209,-0.032640867,0.19970343,-0.0801809,-0.028523091,0.12309795,-0.09395012,-0.044434592,0.01390354,-0.013903538,0.0019492547,-0.010973215,-0.012270224,1.0,0,74.0,0.0,0.0
a8d7456c4394390460df0144,000028.SZ,国药一致,2024-06-30,-1.3001407e-14,0.16353029,-0.32829317,0.028507588,0.28290915,0.25224212,0.14384784,-0.14551039,0.07938921,0.1506326,0.36837915,-0.04011437,0.17263584,-0.26030946,0.086567916,-0.08214229,0.14499731,0.18357122,-0.06737575,2.4784432e-15,0.0,0.0,0.0,0.0,0.0,0.0,0.0,0.0,0.0,0.0,0.0,0.0,0.0,0.0,0.0,0.0,0.0,0.0,0.0,0.0,0.0,0.0,0.0,0.0,0.0,0.0,0.0,0.0,0.0,0.0,0.0,0.0,0.0,0.0,0.0,0.0,0.0,0.0,0.0,0.0,0.0,0.0,0.0,0.0,0.2219465,0.086769834,0.11520636,0.013284731,0.046578377,-0.13926302,-0.055049263,0.10779804,0.122937456,-0.05860293,0.17033213,0.035808068,0.09150257,-0.05545464,0.013003622,0.078442834,-0.08202793,-0.11422052,-0.02499411,0.048703566,0.0,0.0,0.0,0.0,0.0,0.0,0.0,0.0,0.0,0.0,0.0,0.0,0.0,0.0,0.0,0.0,0.0,0.0,0.0,0.0,0.0,0.0,0.0,0.0,0.0,0.0,0.0,0.0,0.0,0.0,0.0,0.0,0.0,0.0,0.0,0.0,0.0,0.0,0.0,0.0,0.0,0.0,0.0,0.0,-0.10824417,-0.03384156,-0.03384156,-0.049170654,0.16308059,-0.08516606,-0.03384156,-0.07375597,0.16308059,-0.03384156,0.1806645,-0.14751194,-0.049170654,0.02458533,-0.024585327,-0.046762317,-0.023195181,-0.024056545,0.026935361,0.14935263,-0.23948531,0.061649133,0.20718555,0.19838525,0.13811067,-0.08330071,0.08602981,0.14133818,0.26631975,-0.020528045,0.15443215,-0.17474605,0.06823833,-0.036634147,0.10781127,0.15077364,-0.048894364,0.0075910697,0.0,0.0,0.0,0.0,0.0,0.0,0.0,0.0,0.0,0.0,0.0,0.0,0.0,0.0,0.0,0.0,0.0,0.0,0.0,0.0,0.0,0.0,0.0,0.0,0.0,0.0,0.0,0.0,0.0,0.0,0.0,0.0,0.0,0.0,0.0,0.0,0.0,0.0,0.0,0.0,0.0,0.0,0.0,0.0,0.2176399,0.07122809,0.08605958,0.016910043,0.037773687,-0.0952301,-0.033104606,0.07338527,0.09376573,-0.024656639,0.11923959,0.02743471,0.059819866,-0.027583662,0.020588432,0.06763569,-0.054675985,-0.07206616,-0.002547129,0.031553846,0.0,0.0,0.0,0.0,0.0,0.0,0.0,0.0,0.0,0.0,0.0,0.0,0.0,0.0,0.0,0.0,0.0,0.0,0.0,0.0,0.0,0.0,0.0,0.0,0.0,0.0,0.0,0.0,0.0,0.0,0.0,0.0,0.0,0.0,0.0,0.0,0.0,0.0,0.0,0.0,0.0,0.0,0.0,0.0,-0.081798986,-0.03306073,-0.018298129,-0.02085149,0.11349787,-0.07057501,-0.018298129,-0.046607435,0.11655994,-0.022010172,0.12867865,-0.10207397,-0.040008087,0.014273348,-0.0142733455,-0.029269742,-0.012926405,-0.0136304,1.0,0,63.0,0.0,0.0
